Chain,Residue Index,Sequence,Binding site probability,Prediction,combine_pred
A,1,M,0.048,0,0.024
A,2,T,0.025,1,0.5125
A,3,E,0.034,1,0.517
A,4,Y,0.014,1,0.507
A,5,K,0.08,0,0.04
A,6,L,0.001,0,0.0005
A,7,V,0.001,0,0.0005
A,8,V,0.0,0,0.0
A,9,V,0.0,0,0.0
A,10,G,0.001,0,0.0005
A,11,A,0.064,0,0.032
A,12,V,0.437,0,0.2185
A,13,G,0.39,0,0.195
A,14,V,0.01,0,0.005
A,15,G,0.021,0,0.0105
A,16,K,0.015,0,0.0075
A,17,S,0.521,0,0.2605
A,18,A,0.157,0,0.0785
A,19,L,0.005,0,0.0025
A,20,T,0.123,0,0.0615
A,21,I,0.431,1,0.7155
A,22,Q,0.027,1,0.5135
A,23,L,0.057,1,0.5285
A,24,I,0.35,1,0.675
A,25,Q,0.453,0,0.2265
A,26,N,0.201,1,0.6005
A,27,H,0.407,1,0.7035
A,28,F,0.272,0,0.136
A,29,V,0.488,1,0.744
A,30,D,0.544,0,0.272
A,31,E,0.681,1,0.8405
A,32,Y,0.811,1,0.9055
A,33,D,0.814,0,0.407
A,34,P,0.703,0,0.3515
A,35,T,0.579,0,0.2895
A,36,I,0.71,0,0.355
A,37,E,0.643,0,0.3215
A,38,D,0.623,0,0.3115
A,39,S,0.414,0,0.207
A,40,Y,0.431,0,0.2155
A,41,R,0.253,0,0.1265
A,42,K,0.116,1,0.558
A,43,Q,0.126,1,0.563
A,44,V,0.081,1,0.5405
A,45,V,0.091,0,0.0455
A,46,I,0.044,1,0.522
A,47,D,0.079,0,0.0395
A,48,G,0.067,0,0.0335
A,49,E,0.057,0,0.0285
A,50,T,0.059,1,0.5295
A,51,C,0.02,1,0.51
A,52,L,0.054,1,0.527
A,53,L,0.01,1,0.505
A,54,D,0.068,1,0.534
A,55,I,0.007,1,0.5035
A,56,L,0.122,1,0.5609999999999999
A,57,D,0.185,0,0.0925
A,58,T,0.015,0,0.0075
A,59,A,0.169,0,0.0845
A,60,G,0.045,0,0.0225
A,61,Q,0.444,1,0.722
A,62,E,0.125,0,0.0625
A,63,E,0.365,0,0.1825
A,64,Y,0.639,0,0.3195
A,65,S,0.192,1,0.596
A,66,A,0.291,0,0.1455
A,67,M,0.442,1,0.721
A,68,R,0.125,1,0.5625
A,69,D,0.265,1,0.6325000000000001
A,70,Q,0.327,0,0.1635
A,71,Y,0.098,1,0.549
A,72,M,0.002,1,0.501
A,73,R,0.287,0,0.1435
A,74,T,0.171,0,0.0855
A,75,G,0.007,0,0.0035
A,76,E,0.019,0,0.0095
A,77,G,0.0,0,0.0
A,78,F,0.0,0,0.0
A,79,L,0.0,0,0.0
A,80,C,0.0,0,0.0
A,81,V,0.0,0,0.0
A,82,F,0.003,0,0.0015
A,83,A,0.065,0,0.0325
A,84,I,0.042,0,0.021
A,85,N,0.437,0,0.2185
A,86,N,0.159,1,0.5795
A,87,T,0.111,1,0.5555
A,88,K,0.176,0,0.088
A,89,S,0.008,1,0.504
A,90,F,0.059,1,0.5295
A,91,E,0.118,0,0.059
A,92,D,0.132,1,0.5660000000000001
A,93,I,0.025,1,0.5125
A,94,H,0.243,0,0.1215
A,95,H,0.222,0,0.111
A,96,Y,0.017,1,0.5085
A,97,R,0.046,1,0.523
A,98,E,0.236,1,0.618
A,99,Q,0.225,1,0.6125
A,100,I,0.001,1,0.5005
A,101,K,0.109,1,0.5545
A,102,R,0.406,0,0.203
A,103,V,0.098,0,0.049
A,104,K,0.021,1,0.5105
A,105,D,0.158,1,0.579
A,106,S,0.025,1,0.5125
A,107,E,0.075,1,0.5375
A,108,D,0.025,0,0.0125
A,109,V,0.017,0,0.0085
A,110,P,0.007,0,0.0035
A,111,M,0.002,0,0.001
A,112,V,0.001,0,0.0005
A,113,L,0.002,0,0.001
A,114,V,0.0,0,0.0
A,115,G,0.003,0,0.0015
A,116,N,0.002,0,0.001
A,117,K,0.328,0,0.164
A,118,C,0.131,1,0.5655
A,119,D,0.214,0,0.107
A,120,L,0.418,0,0.209
A,121,P,0.337,0,0.1685
A,122,S,0.29,1,0.645
A,123,R,0.21,1,0.605
A,124,T,0.168,0,0.084
A,125,V,0.048,1,0.524
A,126,D,0.076,1,0.538
A,127,T,0.039,1,0.5195
A,128,K,0.018,1,0.509
A,129,Q,0.056,1,0.528
A,130,A,0.004,1,0.502
A,131,Q,0.013,1,0.5065
A,132,D,0.04,0,0.02
A,133,L,0.092,1,0.546
A,134,A,0.006,1,0.503
A,135,R,0.018,0,0.009
A,136,S,0.088,0,0.044
A,137,Y,0.119,1,0.5595
A,138,G,0.024,0,0.012
A,139,I,0.026,0,0.013
A,140,P,0.1,0,0.05
A,141,F,0.103,0,0.0515
A,142,I,0.097,0,0.0485
A,143,E,0.078,0,0.039
A,144,T,0.009,0,0.0045
A,145,S,0.057,0,0.0285
A,146,A,0.03,0,0.015
A,147,K,0.296,0,0.148
A,148,T,0.23,0,0.115
A,149,R,0.145,1,0.5725
A,150,Q,0.209,0,0.1045
A,151,G,0.086,1,0.543
A,152,V,0.011,1,0.5055
A,153,D,0.136,0,0.068
A,154,D,0.102,0,0.051
A,155,A,0.0,1,0.5
A,156,F,0.002,1,0.501
A,157,Y,0.11,0,0.055
A,158,T,0.075,0,0.0375
A,159,L,0.0,0,0.0
A,160,V,0.005,1,0.5025
A,161,R,0.125,0,0.0625
A,162,E,0.057,1,0.5285
A,163,I,0.009,1,0.5045
A,164,R,0.014,0,0.007
