Amino_acid,A,C,D,E,F,G,H,I,K,L,M,N,P,Q,R,S,T,V,W,Y
 ARMON,0.695344158317091,0.755308994475138,0.714225395990416,0.691075761497117,0.748568984746593,0.753468024290643,0.688581492492941,0.744616599097813,0.671333425367669,0.753946911183284,0.701066386825959,0.684165031228837,0.757027725785586,0.667308334039136,0.694231126817996,0.687868423352084,0.685498851568282,0.730602011881585,0.744178521718263,0.712887608960539
 GERSTEIN,0.449915115382871,0.546651646408839,0.491607779531241,0.447028304797931,0.517649909791698,0.573933828918432,0.461393444328824,0.472578124821559,0.426689682763282,0.514220347359503,0.430629851469165,0.44003764767853,0.568817066118846,0.409168586431778,0.460001936930815,0.436065294085524,0.432601401580635,0.4666352553542,0.582261075113989,0.492140547380258
 JORES,0.984209117287038,0.98655069613258,0.985708515985774,0.989116907226778,0.985645825815988,0.978759747670426,0.984820350824996,0.98615835664938,0.98683167295885,0.987572186529208,0.987112883435548,0.98501421476411,0.985314547667974,0.988031701532995,0.986913544923233,0.986290186226891,0.985569214620929,0.984852773201557,0.97219064074873,0.979788218202261
 KABAT,0.820197093893093,0.874486784530388,0.84225953007188,0.835524084212613,0.859138404133172,0.867635514605793,0.828692151033149,0.841749243419164,0.824707781596885,0.864947666619607,0.823489409105586,0.817423876890652,0.876600273910061,0.808211256034548,0.832347539758047,0.823834607612895,0.814536509014556,0.839941241076319,0.867715526757857,0.837680438654039
 KARLIN,0.314818692478576,0.383428906077348,0.349511759892452,0.330152259605812,0.376525209119238,0.392686666317658,0.321019533224318,0.37649775595272,0.306674750662086,0.384805273933919,0.335400791088151,0.311793490857101,0.383757992847903,0.304831735411196,0.336153384531738,0.316055993665012,0.30565114843171,0.357730537666615,0.393168778497719,0.347557924828944
 LANDGRAF,0.502671106678153,0.604626696132597,0.584123888012155,0.544557963368502,0.608324872888306,0.613401633336822,0.555865631039097,0.594680431679319,0.524172564377077,0.590808736938719,0.551012495963835,0.539184731733011,0.6146977098075,0.504169628186671,0.556825146119343,0.499759292228715,0.499652988392198,0.562043208027555,0.642933477321813,0.585588386915359
 MIRNY,0.498537647912229,0.638232972375691,0.491904599918172,0.439318002189926,0.574094152862065,0.534481525494713,0.458559937565036,0.657651972820199,0.4298161266693,0.642249346935894,0.589902163383919,0.47389098502521,0.53056504603211,0.427861023121879,0.471211587603642,0.468381311779806,0.491784230674243,0.628839194248916,0.631800647948165,0.555867054081921
 NOT_LANCET,0.329502067370902,0.434204906077348,0.3680947980595,0.351615563408324,0.386593332786616,0.378646209820964,0.372823413111342,0.353835819105807,0.33670077196146,0.358374138661394,0.353552518566354,0.341027391075327,0.416314334626797,0.342230498856611,0.358995779529703,0.329988711703346,0.327649783897263,0.344460106834405,0.457917374610031,0.378001499671947
 SANDER,0.352280690937115,0.445204132596686,0.371828347653277,0.37705731634481,0.436435263244219,0.38893133179772,0.379224646945146,0.407928647290584,0.369011923141937,0.416364646286359,0.398987084275106,0.348529415305893,0.400748535342009,0.363536097230456,0.390313626478187,0.348168510731253,0.34901381822672,0.389232045329732,0.470601199904007,0.416732852188584
 SCHNEIDER,0.449913156820963,0.546650077348068,0.491606698229003,0.447026289070278,0.51764875348532,0.573932849963351,0.461393147019475,0.472576617369952,0.426689000957907,0.514218465828865,0.43062870519858,0.440035871773645,0.568816061781936,0.409166917930044,0.459999367948891,0.436063606575284,0.4325996048407,0.466633697768459,0.582260739140869,0.492138897741116
 SHENKIN,0.641167638391437,0.72120932596685,0.67335518148343,0.637151139757116,0.704649524356238,0.738915584755521,0.64422097517467,0.671390926740131,0.619748058826848,0.70401689847501,0.628070439134645,0.62740898487471,0.735902290192497,0.59847153383586,0.644576165556613,0.628517415761021,0.623983637935293,0.664558214767104,0.747682505399566,0.677408998031682
 SMERFS,0.689017042208821,0.691261060773479,0.679417996376178,0.686484630698788,0.693429949155322,0.681956376295678,0.693077389623903,0.68826308456575,0.691009032512535,0.691473083168595,0.702841362608977,0.683631650237038,0.677127094270716,0.687334293215891,0.687995874677178,0.688727447982086,0.689149240553222,0.691848375018719,0.678371178305734,0.689322401349704
 TAYLOR_GAPS,2.31330938477579,3.31359116022099,2.46580067800573,2.70373029564008,2.43340987370838,2.39361201444871,2.59851043555819,2.46896591103751,2.64627796810729,2.67837475289466,2.36987407168227,2.66384293776809,2.50484373430728,2.77469237740325,2.49230432921027,2.64857433782971,2.50180298839219,2.46997154410663,2.52002392608591,2.39350859499486
 TAYLOR_NO_GAPS,0.215386571156551,0,0.418451078379783,0.339591066095943,0,0.393931881478383,0.223249516872305,0,0.27517396743112,0,0,0.346084468357283,0.339559902609745,0.278961438129922,0.309837250237868,0.295856162962149,0.23707293158804,0,0.156968370530356,0.10002645046396
 THOMPSON,0.453696935213314,0.449383005524861,0.473172552457772,0.453068932908618,0.453648171231753,0.531238634697941,0.409484866954063,0.495029024153485,0.446456950470503,0.497571794690766,0.444447739748143,0.445989622996461,0.495822742144107,0.42344810705514,0.460443917357618,0.446103680847578,0.44315569893801,0.478546807448454,0.439117590592753,0.41429318586559
 VALDAR,0.437600131477534,0.485819779005525,0.461135881699694,0.449360422058531,0.478436058717401,0.482434247722752,0.449463103909617,0.482630742876722,0.434466721135969,0.486186409206441,0.460486842105263,0.43509273083001,0.474484630601841,0.427015033454731,0.456428326763626,0.430443105237287,0.426677284514695,0.47010816234836,0.434751523878089,0.450780363670447
 VELIBIL,0.16952907013646,0.217800397790058,0.194428376877666,0.152598621341825,0.204149015909461,0.2161210972673,0.155094767355435,0.221926414663383,0.14628695554178,0.217126475571868,0.181678721343236,0.161089773496875,0.158479517613942,0.135139654442279,0.165463939105614,0.156956283108511,0.173032859965419,0.210549677999095,0.235105447564196,0.196869669134875
 WILLIAMSON,0.28427544997053,0.411166099447514,0.315413466596528,0.285173636273143,0.338911825487945,0.330083645691553,0.295290679351865,0.282999194883799,0.283358697244604,0.2796655323355,0.265605182434615,0.305218812551734,0.385394567450352,0.285957711527059,0.290929713198315,0.283814122658511,0.287577562361076,0.276561854126103,0.401211183105352,0.344498997094387
-TdS,-0.931303894455284,-4.59554917127073,-0.788836284996197,-0.552240692813059,-5.04038133508284,-0.17507747879803,-0.733523115801989,-0.570818820304916,0.716753817546632,-0.540166972606629,-2.74460445592509,1.27834148543907,-0.538195237008312,1.13946726518166,3.28044447464994,-0.732577685544229,-0.776202766115075,-0.740728371024903,-3.00316534677226,-3.24859124566499
-TdSc,-8.21163802874376,-12.0202386740331,-8.04149278157701,-8.12144535138356,-14.62312858783,-6.63671395665381,-9.91226549725002,-10.2150619539772,-7.7441460528539,-9.9059887743576,-11.8743396835647,-6.5299428098426,-8.43640188693596,-6.85235707631052,-6.87060010873985,-8.50038992955078,-8.8148734255371,-9.59359742399302,-13.7272834173267,-13.994589933452
-TdSh,7.26111755905154,7.42413480662988,7.24246420012862,7.55996117857846,9.57262014105281,6.46161449062949,9.15819384569645,9.64520470507623,8.45141488702313,9.34632766167729,9.11064740071035,7.79805929716314,7.87882675188309,7.98194630304049,10.1407217615875,7.73790781497479,8.04926957273401,8.84407618191801,10.7251499880009,10.6349751616833
A,1.95126263771138,-2.3675138121547,-4.0318545794611,-3.13044993032053,-4.17262588158111,-2.099204271804,-4.2272929983648,-3.19168617598355,-3.24212542965008,-3.47684269980232,-3.08701969648046,-4.12243208668824,-3.24636688731644,-3.06216651139155,-3.29774364550768,-1.30358800720878,-2.11570758211904,-2.16234836004193,-5.04223662107031,-4.22570062798763
ARGP820101,2.4814485197444,2.33302983425414,3.05377462154415,2.39524537129207,3.86495981630312,1.95146581509785,2.5589891482087,4.03602752241192,3.06866850735343,3.36241210110147,3.03283823054568,2.01789525171197,3.85059195008744,1.90137037350726,2.51278170449909,1.96065752826166,1.98381822672261,3.18497978133884,4.48116150707946,3.75318961477175
ASA,28.0172280908555,18.7692817679558,71.5107253492314,90.6425940672905,35.3097424963097,27.7235891529683,62.1748178980229,28.3221035801976,102.259255085367,31.3049279864445,41.3727801097837,67.9795319437128,55.0693144639732,80.6179385110528,98.7617235286122,44.0315657255202,47.0710669301062,27.1666417053567,47.4674826013919,52.1125691255038
ASAD,401.429605114017,431.990187845309,432.067426500648,464.180330479791,479.096818107248,371.53509056644,466.880065408068,469.075675212675,496.05958190114,460.763435470185,489.142654181478,435.747317330131,434.125907327112,466.46108240875,511.122944134814,409.107995194152,428.098227957528,442.117632669365,507.696664266858,495.890880119982
ASAN,135.636469148112,121.069657458563,164.514366707584,186.273501891306,137.421879612925,132.282724322058,160.305901590606,134.218563352936,211.626956668739,136.872553657158,146.287294155636,163.787636391001,163.786121889979,174.92427373592,197.716868288709,150.403189339738,152.784866633739,131.974474564425,145.07353011759,154.715334145657
ASA_PER,25.1933250215343,13.2940618784529,49.5823215851304,51.910894883536,17.6772101033296,34.7486524971213,34.2353857588822,15.3549791583395,49.8207342085993,17.1411253883085,20.7727978689059,46.4003183083754,38.7461629764893,45.2013348013888,43.2658039961938,37.4197034569386,33.8936601630026,17.6606889321551,19.8779121670269,24.490387102821
ASA_PER_AVG,30.2716401822552,27.5917530018417,37.0738402205466,36.4947042189261,28.7874452462959,34.2165252329597,32.0970560675884,28.0398049829651,36.7753395033903,29.7768867728042,30.0154918738563,36.3282782250986,36.8779579370515,35.161777547218,33.9160581532325,34.8755565598093,32.7863866592574,27.6969986354484,28.469810175186,28.9077696910052
BIGC670101,218.132039715279,235.255933701657,235.951692091884,253.13846804698,278.916836148928,202.285582661504,260.086323769882,266.964894649686,272.929712064008,268.259400593052,264.011898611559,243.814101888778,240.447203834739,258.043135428134,277.049952426258,221.011151766701,237.629939491229,250.944690729365,301.285001199903,282.923760427406
BIOV880102,54.6205286303668,-86.7272928176796,104.22099479806,-135.292753334661,150.345005740528,-0.207151083656162,58.5256429314702,96.3109689944613,-181.97081196822,106.337157582604,122.846625766871,-63.9005192264279,-24.8325344289736,-110.384263572457,-58.1584885143401,-47.2028289006608,-37.7452457396888,122.567769956567,164.35781137509,25.7010966351111
BURA740102,0.993256879902054,0.973870497237569,1.24034964054006,0.963845311566801,1.02498999507954,1.01897864098002,0.902695555225213,1.1130079369611,0.969368625683217,1.10133641626661,1.07625912173071,0.934658890811946,1.04866240584343,1.03009739984754,1.06788371618865,1.06156457866855,1.09731044702394,1.20333932404773,0.935117830573554,1.13379248289438
Bl,41.8649766514024,43.7999734806631,42.4075580104048,44.2128170416093,49.8105650319828,33.6512045859063,44.3566255388741,51.3249049277665,46.3143297458742,51.6061035018371,46.5228543752014,43.5799518398673,47.9766803621705,45.2282264758195,44.9104567078983,39.8279580579969,46.4554766609022,51.9508312116227,51.6739644828413,48.1877589277356
Br,0.978405041483456,1.1627955801105,0.744703372494024,0.675500696794722,1.08844677710348,0.971096220291107,0.911275457113131,1.12939130931307,0.631116244999153,1.07275169443663,0.999654504359054,0.746032809090237,0.771292703340177,0.705799102227492,0.665891667799392,0.833189885860968,0.840556310200055,1.06584194498527,0.973366930645552,0.842607554597428
C,-7.4473409801877,1.34519337016575,-10.5904494710386,-11.120047780211,-9.9735115630638,-9.91561093079259,-10.2379961349784,-8.83857705704334,-10.3076576322759,-8.79659700649534,-8.92072973845657,-10.2508841899315,-10.2524537776763,-10.0646226814602,-10.4718635313307,-8.36043908033423,-8.35113608298345,-8.510658479357,-9.92824574034077,-9.93926328615615
CHAM820101,0.354044657024983,0.420786740331491,0.44437109123853,0.469681714115065,0.598990569132351,0.311981520259659,0.550191021257626,0.494530405984117,0.534829830393873,0.498946307540221,0.533425573135294,0.451464369027009,0.445769991630527,0.498168967561608,0.608825472339257,0.37368483425263,0.419226537416643,0.45073745694174,0.72166090712743,0.613759396382047
CHOC760101,437.284988892415,475.325966850829,460.151382313402,517.820525582321,532.256437592259,398.368757198199,521.931767504088,497.803346085765,526.199357637911,494.792961027958,509.589118501776,486.273233501392,469.612341170205,507.198695688998,551.733383172489,437.537272677626,462.632440108669,478.285906844391,579.083273338133,555.275564720217
CHOP780202,2.90253706306383,2.61131491712707,3.27951896662577,2.43266523989647,3.43271034935213,2.82666893519001,2.94392299687827,3.63683206760689,2.813165041979,3.34555598700916,3.09992573458189,2.97169388215818,2.63527581221948,3.18052341831118,3.01057700149518,2.83501829501393,3.2896925166708,3.77587739004544,3.4194360451164,3.53601180991652
CHOP780204,3.22713741669299,3.94149834254147,2.58051376468524,4.39114473422257,2.54440708545186,2.67454455030877,2.66552995391703,2.62094558328106,2.59583986025807,2.52623376164912,2.6690232483048,2.73975769433377,3.93071292703334,3.16062844075548,2.37029291830907,2.63088198350729,2.99346381822662,2.54341071339421,3.40322294216462,2.59299746930356
CORJ870102,-0.378659019812324,-1.28847624309394,0.292070839908816,-1.18158724865621,1.91918172871904,-0.634004240393668,-0.552907388137363,1.16215360018271,-0.612840592776224,1.16967537418805,1.00058766548271,-0.819596357889967,-0.440673057901563,-0.851798170576794,-0.516326084001647,-0.469544153787323,-0.174843665102494,0.911318106934252,0.470832253419728,1.72612606617301
CORJ870104,-0.044026386181259,-1.13799558011049,1.08840317961311,-0.524327593071873,1.24510989010989,-0.210093707465193,0.038089787423815,1.20661051790104,-0.786927368005857,1.6477721688788,1.2373232160155,-0.229397245842426,-0.391139009358597,-0.617506563902766,0.321736441484298,-0.314012342307898,-0.448348357619159,1.32548300134796,0.014686825053996,0.867801106008062
CORJ870106,-1.23463390306934,-12.1998983425415,4.64944298322511,-4.64612930519613,10.6891282597998,-5.97291749555022,6.78586591348297,9.91077942100152,-11.8643088972784,9.13485914995786,6.99801097836617,-10.9688990894725,-10.7527330137716,-1.20202506987384,-3.58223120837294,-6.11944295778487,-4.43740306248455,7.85250112325897,1.17575953923687,7.25925485050149
CORJ870108,0.679542548850699,8.61396022099448,-5.36158688409615,3.46296038224178,-8.14449647367555,2.89019997905978,-2.3786962984986,-7.81294752469599,7.01287879641648,-8.7354024286922,-7.37101226993866,5.61001354503731,5.53711024880172,3.21922503599564,0.503327443251299,3.33511058926337,3.078137194369,-7.31795017722531,0.625985121190301,-5.09469772237324
Ca,84.8796300494174,90.4587845303867,91.5893973931849,99.199432609994,110.589962276529,78.0645482148466,102.822357663149,103.761891166562,111.758156308108,100.306304716182,108.311430416532,93.7404620362706,87.1810849882067,102.023460658931,120.882221014,84.9812134782371,92.9364040503828,98.0710398881733,126.227261819054,111.42506326741
D,-6.64605340708165,-8.03469613259669,0.524343912560641,-3.1805693808481,-7.66253895358373,-5.66893519003246,-5.9759179426193,-6.88939644835265,-5.73719501887643,-7.87969500141203,-7.16612851146271,-3.84731733012266,-5.85064292779426,-5.21783687642924,-6.84987087127905,-4.82245644694446,-5.74407261052112,-7.322949428386,-8.12862970962323,-7.23929140500516
DAYM780201,248.631046833205,253.664972375691,165.518206791747,249.319032450727,188.654666229293,196.863679195896,211.423963133641,244.781076914292,203.529216205556,188.632836769274,242.832418469487,280.82895627963,203.011869436202,240.996950961294,211.954601060215,266.631478346349,243.580575450729,222.366781488693,165.095512359011,187.395725934952
E,-3.55392845808587,-6.27513812154696,-1.29861476415921,1.87034640652996,-5.14999179924553,-4.68066171081562,-3.00654080570834,-4.93764631987666,-1.88702315884375,-4.79684411183282,-4.06474007103649,-2.86304462337271,-3.68614471581831,-1.1051071398323,-2.86088079380182,-2.97209327726503,-3.76339836996789,-4.6724576905796,-5.03911687065035,-4.43396756959415
EISD860101,1.81305118556467,-0.114163535911602,1.62156116663749,0.349995022894689,3.35768820731509,1.13876609779078,1.84754125167237,2.89337692000235,0.574232264608087,2.92787842417393,3.50295285760416,0.591565956806374,2.36832534428974,0.927808079952569,-0.965347967921716,1.20152422041397,1.77626450975542,2.60211771753786,3.63357811375091,2.67374355609713
El,1.5559423312327,1.74059889502763,1.42836168098659,1.43223671112875,1.77471297359359,1.59605748089201,1.61929389029285,1.80610460800545,1.36391502789201,1.70083133295679,1.70534549564095,1.45168560463542,1.52635090922921,1.47144321165413,1.62236441484297,1.52430123969204,1.60048468757721,1.79254255903352,1.88178305735541,1.71152591620584
Esm,3.83771274425347,3.79420773480663,3.58805014904433,3.58030609197696,3.56661800885683,3.7875421421841,3.64677419354842,3.61399645977275,3.49523525102841,3.74342946907653,3.72790119470454,3.60425013168793,3.66642547363614,3.54672482425679,3.3445548457252,3.73268690950795,3.68710792788355,3.6771144725677,3.45307415406768,3.44999718811506
Et,5.41173505009765,5.54231823204414,5.03410602606814,5.0304638662154,5.34919796621281,5.40136006700882,5.27357514493827,5.42802660880499,4.86692511410378,5.45205909347663,5.45117210203425,5.06345172699247,5.20025412767263,5.02578978572043,4.98477436455087,5.26458249139855,5.29509261546059,5.47738655084624,5.35281257499405,5.17938513450184
F,-8.01949494491545,-8.3228729281768,-9.01081302238588,-8.61402548277922,-0.598163030998852,-8.79337242173594,-6.68841980080274,-6.66270770284931,-8.52087676790443,-6.52682857949732,-6.28188569583468,-8.54368274512755,-9.56090694666362,-8.54382993139663,-8.5273888813375,-7.94811861722462,-7.83261299086194,-7.23778143876991,-5.56731461483081,-3.32758459087075
F.1,2.90044294328338,2.8155955801105,3.07758548132561,3.01355315548483,2.65127275709369,3.10792116008792,2.73525345622114,2.72460800548163,3.08255705189611,2.74674103360645,2.73077171456248,2.98165926706302,3.10203302138018,3.00569238587283,2.98826355851574,3.0720856315876,2.89348604593733,2.73871499176283,2.72804175665948,2.96443246789769
FASG760101,346.694418098554,393.832950276238,380.945383131697,408.526714612784,423.954599803188,334.386243848805,416.724131113414,389.927231770694,406.722052741311,391.1746152217,408.912736519215,392.795071863947,375.395658525474,407.37484966547,435.339507271988,363.655560591995,377.306518276128,376.033769157816,464.077197024248,442.034072546636
FASG760102,827.99093258376,798.511602209945,709.943304693436,777.77886721083,809.246596686895,817.895351272118,808.548981715475,807.57351681608,753.328055445991,862.097747811353,809.467064901518,766.191963277899,748.993608765122,715.839671381384,768.845657197227,758.404893233575,785.521918992344,819.379062453198,806.101751859851,871.42450089043
FASG890101,-2.10363739402458,-0.361706077348066,-8.05842714360845,0.502565697790176,-6.39782515991479,-1.862455240289,-3.15107180020813,-6.37892822474764,1.98218741195696,-6.27708133295663,-5.34795285760409,-0.944148543908504,-1.28539678916533,-0.303293808757512,0.183582302568979,-0.236930260499159,-1.28861694245493,-5.29617393040784,-5.02722582193428,-2.78584684600242
FAUJ830101,1.28138958153876,0.151233149171271,2.58300426676019,0.297710033844318,2.71131458094145,0.971949010574803,1.1365110747733,2.65479472391935,-0.018836423057418,2.57676927421635,2.14487730061348,0.400007525020689,1.73272540515863,0.740661472008132,-0.03035884191926,0.972463546502072,1.31153000740926,2.16422045828968,3.14631389488842,1.88578873371449
FAUJ880101,5.65839597406659,6.01569281767952,6.24222397568554,5.99047979295182,7.29527964572739,4.41574442466742,7.48387394083558,8.52144407011954,6.31432016678834,6.95542078508846,6.72718760090421,6.06720746482086,7.13747394050045,6.00403235368847,6.77701304879679,5.72289825787738,7.49859101012542,8.10038440417334,7.56298776097917,7.31867841409682
FAUJ880106,9.60756947907677,11.5382320441989,11.1297849085279,11.0512383038026,13.6701705756931,8.67078107004484,13.4778341013825,11.119062981785,12.5644621626191,12.152403981926,12.4521310946076,12.1240725411996,12.0453815719394,11.2712297789444,13.9828116079924,10.3682316640272,10.8062064707334,10.8103105186958,13.5865226781857,14.4814162526946
FUKS010102,17.7222333046202,19.3489215469612,11.0502992577007,24.0044888512831,12.7594694111859,18.6814611035493,13.4672602943362,13.7902546679611,21.1776266411224,15.4272998446758,12.8764772360349,16.3215260741965,15.367722742144,16.151952231727,17.7202331113226,16.0787941674402,16.0310743393428,14.4039503769156,11.4296664266858,13.0461092885931
FUKS010103,18.0902158045072,19.4167359116024,10.909589689637,16.3981579733228,11.9565827456122,20.0860250235579,11.8878772112382,12.6676109176042,20.2337775398667,13.5546095735672,11.3248482402325,19.691492964106,16.0536110477065,15.9751223850258,14.965449232024,20.2367194582499,19.4801346011355,13.8064734661281,11.8759755219581,13.9285115755927
G,-6.12245545631772,-8.70563535911602,-7.32263720848676,-8.39214612781207,-8.79588322125636,-0.306093602764108,-8.20469748773599,-9.53468851710158,-8.26043838395222,-9.78671279299633,-8.85211494995157,-6.44803973210926,-7.94483755611352,-8.4408401795545,-8.40716324588827,-6.11413904210584,-7.82267226475673,-8.93669811791723,-8.50491960643149,-8.75761552160465
GEIM800105,2.89630820147795,2.65034254143647,3.34107604184931,2.61535486760903,3.2056970641299,3.00773112763064,2.86880927605172,3.33219151487472,2.91351383332395,3.14321448743298,2.92388601872782,2.72170592219133,2.8663562352583,3.07553908698227,3.10131031670522,3.121156681776,3.27682390713756,3.62733862513105,3.19915046796257,3.44836535757805
GEIM800108,2.82597316044799,3.35903646408836,2.86210123326905,2.89035636074058,2.69112186321142,3.45784577531141,2.84207075962537,2.61807400216981,2.74082830901001,2.54151299068063,2.51585728123987,3.58030551584021,3.60836719166096,2.85727619208941,2.92276811200221,3.17609906613511,2.9716676957273,2.5430677449953,2.62324694024477,2.88331521229734
GRAR740102,24.3746157682365,29.4519337016575,21.6187036062893,28.7087497511448,21.6438002296213,25.3073343105438,26.6668946038353,21.8127276880033,27.6370935932835,21.446198107879,22.1692605747497,27.8486342087439,24.259050445104,26.8475311256037,26.7979407367138,25.3825241658019,24.7040442084463,22.2683490589585,21.9014638828895,22.6266191770549
GRAR740103,186.962710250714,211.450718232044,213.760389268806,243.4029962174,286.316877152698,159.365459114229,255.40359744314,265.378889967453,278.546204992393,267.522115927704,261.841459476913,215.312137858379,189.774176367648,245.179173371729,283.668546962077,188.39361585932,217.768399604841,239.930657480905,325.996400287977,293.335364139095
GhD,-7.64816520832364,-9.31611491712707,-13.0453936524638,-14.6949557037628,-8.8344111858294,-8.14108522667804,-12.7035246023489,-7.17604351053537,-13.2141550684629,-7.21859820672124,-8.06381175330972,-13.7456091504255,-6.7069649242944,-14.3460574235622,-20.1093536767707,-13.2425432799953,-10.4564293652756,-7.11317258249737,-12.2726181905448,-16.0070194020058
GhN,-3.09396654123404,-3.42696132596682,-6.05812671693275,-6.76607306390596,-3.49108906019353,-3.34904774369175,-5.21805708339525,-3.18630503054873,-4.79306699723897,-3.18563117763342,-3.24062641265739,-6.0601444803974,-2.89289812067267,-6.24347336325908,-10.0049333967649,-5.36406149309174,-4.58181217584599,-3.09411562078765,-4.13751859851215,-6.05160464898308
H,-6.70607970258875,-7.25193370165746,-5.82927114384242,-4.87427831972925,-5.38141709037231,-6.56941681499319,3.03181210049056,-7.37817621195683,-5.67938243083338,-7.09848912736515,-6.33451727478205,-3.92046053126646,-6.44510385756677,-4.65190141441518,-4.77579176294685,-5.71285019933373,-6.59212151148432,-7.50975987219809,-6.41660667146628,-2.58993345205736
HOPA770101,4.8396064741352,10.4302320441989,3.9279385118943,10.2298427234721,5.30271444972941,4.96366349073392,6.67750854764384,4.80400845086506,9.29293401701689,4.76776687376444,4.67610590894413,6.10091805252465,4.72885946891883,6.03605488269668,6.21586244393093,5.47657145977828,5.25025314892565,4.77417003644354,5.83263738900888,6.02760333677003
Hgm,40.5076016684051,42.0537348066297,38.306261616693,37.9532605016914,40.4745981630309,39.96911161135,40.5305767801392,41.7596779535194,38.1825795909177,40.6509202908792,40.3987326444946,39.6712401234102,38.9649288594686,39.2868637249093,39.7726879162703,40.0889978701326,39.4310064213387,41.1519889171791,41.9919774418048,40.4678667166558
Hnc,0.902939202974086,0.498925966850828,1.22263837746217,-0.535431515030866,1.40557569296374,0.745431891948498,-0.136188494128141,1.53511448638157,-1.24462669747001,1.20865151087268,0.842373264449467,-0.50813003235759,0.403315833523548,-0.620370119420679,-2.28343890172623,0.125770302004262,0.301573845393925,1.31434426638711,0.977242620590358,0.463028400037492
Hp,38.5595729246952,39.7680486187843,36.6484879303291,36.8602792156084,39.2158799409545,37.6342922207095,37.9367310836926,40.608952777936,36.4828641460525,39.5069464840441,38.9794752986759,37.2209361125743,36.4940036521342,37.3122562886422,37.9255158352591,37.1868614494025,37.696418868856,40.1461424791572,39.2639908807295,38.9551420001875
Ht,3.45502516208007,4.129191160221,3.40983692793266,3.33251542902661,5.40470067246185,2.69446864202694,3.58400327040288,5.64482612916117,4.29008902913177,4.69587263484893,4.22504681950271,2.80618857701863,5.38351974435062,2.64687981705773,3.49984708440934,2.71433182240185,2.75231909113365,4.44039239179271,6.28314134869209,5.25458243509239
I,-5.33168608604978,-5.76243093922652,-6.89894207726927,-6.96954011546884,-5.12005904543218,-8.20510941262695,-7.37683960160547,-1.50408268143665,-6.82661858342255,-3.33458062694154,-3.87116564417178,-7.16397020091805,-7.22422582363235,-6.70856271703227,-6.95657197227131,-6.501665665447,-5.29667819214621,-1.939344016774,-7.93544516438685,-5.96841315962133
ISOY800102,2.9086752504875,2.74678895027625,3.45726050616636,2.70285138363528,3.21885189437427,2.76743639409475,3.12620781923591,3.35459144635408,2.81829886741411,3.05606961310368,3.10640135615109,2.79972533674467,3.23468234040936,2.9378512746676,3.03513048797065,3.15537218065636,3.31002778463817,3.46673805601329,3.22167986561074,3.3355665948074
ISOY800103,2.605377431201,3.38443093922653,2.45118592553624,2.80681465259799,2.55941856650806,3.59565699926707,2.6943689609038,2.28731399531774,2.84652335606014,2.4394496611127,2.15027768808524,3.41985928211299,3.40628167085137,2.61411789616329,2.89904852521405,3.05549396537605,2.93641516423807,2.29543357795417,2.60905207583392,3.02911519355144
ISOY800104,2.99315727433454,2.71068950276244,2.4413121748787,2.83581226358741,2.45442840741346,3.18049000104699,2.6205500222982,2.61935076800103,3.14856032005411,2.39034065235807,2.38456247981922,3.08499736624282,4.88364756904812,2.73644702295252,2.86667935299721,3.13987002348313,3.25882563595956,2.50074684239429,2.5574802015839,2.87548130096543
JOND750101,3.52856009430116,3.3208861878453,4.33799754515168,3.40506669321134,5.49102509430869,2.77280598890161,3.63859224022597,5.73012390795403,4.36568490449099,4.77331756565944,4.30224410720048,2.87129204605318,5.46989271855745,2.7009985601762,3.5671788772597,2.78412375075092,2.81688812052361,4.5193470121312,6.37147348212142,5.33115943387391
JUKT750101,12.3097021353764,10.450453038674,8.20047343503408,10.168913000199,9.14668689519429,11.661066903989,8.19381596551219,9.969611146006,10.9933059108584,11.5740186388025,7.96365837907651,9.8762284596284,9.2778437190901,9.30774964004396,9.48414435231752,11.416252525804,10.6392504322057,11.0806100544159,7.61144708423328,9.10813572031115
K,-3.76846352631818,-5.62209944751381,-4.05634461394588,-2.03827393987657,-5.38814170903723,-4.81556905036122,-3.97235023041475,-5.08211043225033,1.41297120640108,-4.57494351878001,-3.64901517597675,-2.94815260741967,-3.98014152020087,-2.03701194206826,-1.10085632730733,-3.13358090765114,-3.94535687824154,-4.77564774599371,-5.30381569474442,-4.61270971974881
K0,-86.8327655619527,-94.2874850828727,-94.5439949734069,-97.8253255026878,-96.0400254223375,-88.5605083237367,-93.2641638174506,-93.2792108719232,-94.1718262241519,-93.2381092911575,-92.7333451727476,-92.4598148844937,-84.9080925207367,-94.1516397052589,-88.2084817180931,-91.2741308503091,-92.5999296122468,-92.0618057011636,-91.7212071034319,-96.6184328428192
KANM800102,2.84234347372716,2.73857237569061,3.21562920100536,2.54970187139175,3.21704280793832,2.91647105015178,2.95489073881373,3.4821920858788,2.80103510452462,3.24588710816153,3.06397642880205,2.65525622695459,2.65027010575974,3.01391462691619,2.88635721081969,2.96416962481574,3.23737404297368,3.6959283111176,3.19272138228942,3.25164026619174
KANM800103,3.56202838101286,2.950391160221,2.76535624525098,3.39562213816449,3.22010660980804,2.57187571982001,3.18808978742379,3.26809455832801,3.36447005127617,3.62339699237513,3.91206974491443,2.70279027767332,2.25070760100437,3.24849072584068,3.24024602419468,2.52805799792468,2.83653741664601,3.15380310518707,3.22352531797458,2.77278376605117
KARP850101,3.12434433513166,3.11890806629835,3.03949342451341,3.17665623133585,3.01806462194531,3.2267845775311,3.0614832763491,3.09281790669784,3.17621496590972,3.05553222959624,3.03399063609947,3.19948235382645,3.13607448832086,3.24816286948419,3.11923460649722,3.25253497897433,3.15396770807606,3.06727127951669,3.01189992800578,3.04622026431722
KIDA850101,-0.255563766604698,0.869392265193373,-1.11170728856158,1.23638114672506,-1.37898638674757,-0.146182075175374,0.257429760665973,-0.646784103237613,1.73183749366091,-0.986869528381819,-0.652933484016788,0.801340206185547,-0.769891196834819,1.14695858389093,1.88894522223731,0.382760635683473,0.563602741417629,-0.346299236183916,-1.47987281017519,-0.510694535570344
KRIW710101,13.8317359568397,15.1226740331492,8.28946460927017,14.9296983874184,12.5016565524028,16.8474295885251,13.8488702244686,11.9995546165712,17.1540513889668,12.635886755154,10.7284468840815,15.2347317330119,16.1412500951081,15.4424705683076,15.7588792986279,14.5303806455143,14.05774882687,12.678211272527,13.3148068154546,13.693476427032
KRIW790101,13.8650510042161,15.7357767955801,11.2705920860368,15.8231510053758,12.2527456125965,15.6515464349284,15.3052014270849,12.0659778450295,17.5081055953122,13.6754553798359,12.1139215369712,15.8552411769133,16.7252750513581,15.7716447869907,16.1250101943727,14.9248926874553,14.6875777969873,12.9249263641355,12.4778569714422,13.2386596681976
KUHL950101,2.51623384866486,3.10961546961326,2.26240575135897,3.20487607007763,2.22503444316878,2.41980002094027,2.72678905901591,2.24155827099869,2.84260382036399,2.33418102231005,2.41813206328704,2.93211076830463,2.42323213878109,2.94387312611161,3.32916338181325,2.71926055376551,2.75693195850831,2.2567989616095,2.46423086153108,2.75816383916017
L,-5.43736682232398,-5.73237569060774,-7.6723946460927,-6.68141548875174,-4.9931113662457,-8.17741597738457,-6.97889103612309,-3.37081025523897,-6.19496252887812,-1.26645015532336,-2.83823054568938,-7.21626909474001,-7.16350909229248,-5.66113322605234,-5.88860948756287,-6.49391076402163,-5.27253642874784,-3.77115471019919,-6.86513078953684,-5.79970006561065
LAWE840101,-0.144840640159594,-0.369688397790059,0.147145946577825,-0.340894385825204,1.37544120059045,0.366270547586643,-0.051424111788316,1.10486667047336,0.276285005916483,1.3393056340017,1.14096222150469,-0.424766348107464,2.41129879023062,0.065655119844161,0.324427076253906,0.471787450166571,0.093326129908623,0.908257700564121,0.977221022318206,1.60582435092324
LEVM760101,-1.02788230493713,1.98928176795579,-1.65822081945167,2.071436392594,-2.97760373954402,-0.562846822322251,-1.13310539616473,-2.15353737223759,2.50867188820638,-2.19577096865291,-1.74741685502101,-0.390202423056689,-2.02894316366142,-0.32456170068603,2.46553622400438,-0.332696193544842,-1.10567424055327,-2.00391892566526,-3.81475881929446,-2.79957821726476
LIFS790101,3.01628190597086,2.55679116022098,3.26687123736042,2.69452070475809,3.31115302607842,2.70090828185526,3.01896090382044,3.85568206475193,2.7949146334592,3.35491598418526,3.25843235389085,2.69436526450447,2.49361256942859,3.04740916405521,3.03130284083188,2.91504723936436,3.23387256112621,3.89945833957365,3.5979361651068,3.60063548598744
LIFS790103,2.99553203064781,2.55858784530387,3.33950610789643,2.70392793151508,3.30226668853536,2.65752015495762,3.2177686933254,3.59776223376907,2.83271088071225,3.33223700931923,3.16789635130773,2.71183384754305,2.52085216465036,3.28320487846192,3.12403969009108,2.96454590137083,3.40713818226728,3.6238884728671,3.82400287976962,3.76400693598274
M,-3.64251711474815,-4.44486187845304,-5.43211175404758,-4.38010153294844,-3.30342791536821,-5.74672809129934,-4.63698528318716,-2.40455661508594,-3.70986645630247,-1.3540313470771,2.08960284145948,-4.619685454135,-5.18199802176063,-2.52943169306344,-3.69613973086856,-4.19769537436514,-3.74839466534947,-2.15186460985473,-4.4554835613151,-4.10582060174337
MANP780101,39.0745065058709,36.7813104972377,40.7723747735109,37.9515687835954,39.9359996719701,38.4435457020205,38.1861647093802,41.5443316393542,37.4602259536819,40.7839935752619,40.3543299967712,37.495485740086,37.4344472342689,37.8162310493775,37.8147587331794,37.3038392223259,37.8518078537916,41.7247711047879,39.8559275257979,39.3712653482053
MAXF760102,2.87537969805508,2.7490497237569,3.20883336255775,2.63039866613567,3.1858446777103,3.00404303214324,3.09930578266686,3.25265802546676,2.80431453203356,2.99190800621283,3.09410074265418,2.76990367973511,3.25701970630752,2.90623189633269,2.96102283539484,3.077644585222,3.22238268708324,3.36153512056313,3.08836573074155,3.27593682631925
MAXF760106,2.98075440903119,3.39223425414365,3.0714167981764,3.01679026478195,2.65977775955388,2.45125955397341,2.70971160993015,2.68374350482497,3.02384853778099,3.02650698955091,2.35039070067806,2.86150500413875,3.94535722437803,3.11995765224018,3.16608943862986,3.54536999617722,3.20532909360336,2.57638959612596,3.10048476121912,2.86066360483642
MIYS850101,7.64085097701413,6.88926629834258,8.69874744286636,7.00580131395582,9.5674339839265,7.32152601821794,7.70747584361525,9.31338662707705,6.51829435961015,9.0991107737925,9.43439941879225,6.99809692226656,7.18865327550778,7.02659778097733,7.21838928911241,7.1174643656818,7.38033588540402,8.72427487394536,9.01126229901609,8.13364982660039
MIYS990101,-0.774680146892154,0.029191160220994,-1.77791220994798,0.005504678478996,-2.87602099393143,-0.343303319024182,-0.77279024825331,-2.48299548906524,0.24670704907872,-2.92275946060432,-2.02566677429772,-0.149462713522463,-0.30005934718101,-0.201517743711357,-0.340611662362379,-0.233699415651794,-0.573521239812292,-2.0346842394289,-1.92386609071274,-1.57045552535384
Mu,47.6732343473742,69.7065259668504,45.6994108364024,51.2089025482756,62.3611989503021,33.3351748508015,55.8788553590009,51.9959709929758,54.9833442271904,52.2052838181315,54.9694607684855,47.0363360674235,44.3405828197515,51.689602778013,60.6694848443634,39.6116345366181,44.2385570511222,47.123707752981,75.7900839932807,65.1991151935512
Mw,347.343519064243,382.165745856354,393.456017300836,409.117161059128,424.682712809579,335.121505601508,417.034636539319,390.661108890538,407.296219079281,391.796985314883,409.491120439135,393.292648054782,376.181541504984,407.688913356483,435.788432785103,364.251378952542,377.799147937762,376.697618691029,464.781137508999,442.623582341363
N,-5.45550165480346,-6.16972375690608,-2.83301186510024,-3.81908222177981,-5.86681974741676,-3.52193487592922,-2.91288836033893,-5.85062524981442,-3.67397306587029,-6.19779017226772,-5.11527284468841,1.93453231996388,-5.16046564711253,-3.85720335394258,-3.8381813239092,-2.69553820108132,-3.56563348975056,-6.08776396585293,-6.6949844012479,-5.04714593682632
NADH010101,63.4708709253298,-103.550497237569,122.737506575487,-132.356609595859,88.5145153354109,-8.9573343105434,-75.6429314701947,100.174441843202,-21.2806671550121,87.8921914713358,75.6096222150468,-91.3089773496877,-77.0107281442593,-141.110612348607,-184.638235693897,-28.8832395827645,0.788342800691529,100.177974140083,53.661867050636,-15.7602399475115
NADH010102,52.1310241646643,-86.9637569060773,138.68642235081,-123.567887716504,101.198786288339,-14.7441105643388,-59.5153857588821,92.9203448866556,-209.117766383051,90.5460674950579,64.1267355505328,-87.7774098878772,-78.4893859849349,-134.125518760058,-146.530243305695,-24.4957675714052,1.67127685848358,103.873745694174,58.9416846652268,2.96007123441747
NADH010104,67.5812667180487,-1.23337016574586,218.867555087965,-44.5734123034043,161.899130720026,12.4146162705476,6.46068083841237,130.759492948096,-90.8075731109483,129.116492516238,110.243461414272,-40.6023026563323,-45.056608080347,-64.7183873973067,-61.216324588827,2.10693026049915,58.4462830328476,145.390544655784,145.996160307175,73.5798106664167
NADH010105,77.1827084372308,45.5211049723757,248.69817055351,-7.20515628110691,179.154830244382,24.4061878337347,17.2900252712948,146.835493633301,44.0237786668169,147.722182999153,137.888763319341,-24.9640304010836,-31.0311953130944,-38.400440416702,-27.8561913823569,17.266451859538,88.8563842924179,161.97543807099,163.457643388529,91.0248383166183
NAGK730102,2.99299451421317,2.9263182320442,3.17194926646795,2.34575004977103,3.37704936854191,2.93044497958323,2.90233833804074,3.53477759378746,2.83508198568777,3.26376376729728,3.3020374556022,2.75351192715778,2.78532831164878,3.21551960701277,2.69676294685334,2.81216591120094,3.28557359841936,3.43938095951279,3.13771058315336,3.08528540631733
NAGK730103,2.622124495625,2.99002651933699,2.9383295341633,2.65828439179769,2.54080039363619,3.29288974976449,2.69424706407017,2.74899960029697,2.7509821378261,2.56556410618467,2.53844204068452,3.31294529309953,3.36715285703417,2.71748708393329,3.24962212858499,3.28097154715744,2.95390405038281,2.76499775348205,2.80970242380609,3.30655450370235
NISK860101,0.916052953710813,-3.20032044198896,5.94757729849776,-2.60023442166041,6.13495899622763,-0.552922207098741,2.4464367474357,6.25679952035621,-3.05570857046264,5.76877788760224,4.37352599289636,-1.51695537662725,-1.8144114737883,-1.67611840433643,0.265640206605962,-1.64042870405763,0.115773647814277,5.4452907992612,6.05573554115671,3.10371824913296
Nl,11.9858838463983,13.6564707182322,10.9854702203519,10.7457570177182,12.545925045104,12.3859553973405,11.8961215995243,13.5412333694972,10.8401104412015,12.5628561846933,12.1284226670971,11.7424667017835,11.6380445864721,11.1467714067925,11.8714061438084,11.8743651357106,12.2491325018521,13.4839164295338,12.8025533957283,12.9783728559379
Nm,5.83184884617132,5.56352486187851,5.48677245893973,5.80981385626119,5.65580039363624,5.21119254528317,5.66774490857739,5.45694683949068,5.67388685411617,5.89300797797235,5.97764610913785,5.53080818722256,5.00497907631455,5.75133818920981,5.65231276335467,5.25256949374697,5.25571066930113,5.31467525335712,5.59655387569003,5.35430218389732
Non_polar_abs,22.4119016096123,14.4264839779006,23.4201630815993,34.802364125025,31.2397088732163,17.393772251309,38.3035513601901,25.5900422567384,62.8207861369402,28.0021897835989,37.1254068453343,18.441106930544,50.641451833815,27.1290395528077,36.3663458401304,22.8382734323793,30.7512151148432,23.9060606060606,37.013930372149,31.611891055691
Non_polar_real,31.2996418045792,14.6458784530387,47.411485854571,57.6379852677679,18.9663933081845,45.9429947643975,39.4331648580349,18.4137848332573,53.9444519582982,19.6956084301196,23.6518243461415,39.635608397923,41.9097854207881,51.7565850766496,46.6633156606854,46.8619838322044,40.5473758952827,20.7227647146921,19.6128691476591,23.2151415713483
Ns,18.3171469374794,20.1334364640884,17.2686925010227,17.3240712721487,18.7916016073477,18.390364359753,18.1167355433327,19.6261542853877,17.1252296162735,19.5171974724651,18.5611446561191,17.3239747159304,17.886489385985,17.7487693741001,17.9923963572107,17.8240320026214,18.1586836255866,19.8399380959511,19.1247564194866,18.9349723497984
OLSK800101,3.56432561091717,2.6260906077348,3.63076334093175,2.85309575950622,3.83892488108913,3.4970505706208,2.80503642039544,4.41666419231425,2.31311658308448,3.55485738491956,3.90842105263159,2.5332282338777,3.01122042151712,2.35367917337173,2.15010398260164,3.04395991480537,3.10453445295133,4.14061804203481,2.92014878809696,2.57481113506419
ONEK900102,-1.23918665276334,-0.528640883977903,-0.592707347010333,-0.693684551065133,-0.776549122519269,-0.402753638362485,-0.386493236212271,-0.619002455318897,-1.08791232320958,-1.02647168878844,-0.913072328059418,-0.430571149070659,2.63938598493495,-0.761466079444403,-1.11116555661275,-0.741257713942456,-0.47879167695726,-0.529762368329098,-0.848507319414447,-0.557204049114264
OOBM770103,-1.5882502153511,-1.45016618784531,-1.7779869074756,-1.46431923153501,-1.81991668033466,-1.633356402471,-1.64388330607996,-1.84380060526473,-1.39610469375113,-1.73364861621011,-1.74711414271878,-1.48213198886295,-1.56550171193795,-1.50072329973742,-1.65559936115266,-1.55955245480858,-1.62357291923936,-1.82383011332439,-1.92769162467002,-1.75030021557786
OOBM850103,0.502148524278003,-0.431575690607735,0.265878777251738,0.515468843320699,0.455065606035747,0.616332321222905,-1.37121302214954,3.20252383943354,-1.64310531357415,0.314307752047464,0.099793348401679,1.35085107984046,-0.571698242410406,-1.14344626069282,-1.5282547233927,-0.811851346185358,-1.46068041491727,0.501488692526591,1.14354211663067,-2.29624050988848
OOBM850105,14.3181130706808,12.7128331491712,9.01749371675705,14.9893330678874,14.2231048056421,18.9894147209717,14.2486175115207,12.1069930908469,20.4638451569284,13.1826186105621,12.1020358411365,15.3790563624047,14.8070980750211,13.9119827221138,15.644571836346,16.6344607066786,18.3910873055076,13.6831201637459,11.8572882169427,12.2439750679538
P,-7.09434646597452,-8.71226519337017,-7.36051201122216,-7.15324507266574,-9.47277349516155,-7.78143649879594,-7.84004756949606,-8.60857648603894,-7.23254634586127,-8.60653770121435,-8.21407814013562,-7.78982617202197,1.30152933120292,-7.17159312272381,-8.15155634089982,-6.85227458904484,-6.83637935292665,-8.05386650691428,-9.52411807055436,-8.76567625831849
P.1,26.9928607698241,28.359955801105,76.0285989829913,79.081905235913,28.6822183040837,27.2885744948175,78.7641207075961,29.6199246274192,77.8516498563131,29.0239317989287,29.9204407491118,30.0580269395745,29.2558860229782,30.3466358939614,79.7590301753435,27.6441259352299,26.8348660163,27.8506604762623,31.5969066474681,29.8249517293088
PONJ960101,376.059591059533,423.545038674035,402.611841720733,444.019923352573,483.688322125638,353.794921997699,453.02928497102,447.063598469706,450.868152363781,449.924714063849,452.022554084592,427.512288358795,410.815749828803,446.003811298379,485.417819763492,388.008978209824,412.023968881205,423.918855773561,495.571514278858,525.453894460588
PONP800102,23.5862107267515,22.0303314917126,26.9363042842935,22.2823790563401,24.8758783008033,23.2525986807646,23.7859922699567,25.788752355392,21.6725271876942,25.1671198107876,25.6897303842429,22.1068078862216,22.6448816860694,22.5749199627343,22.7774649993188,22.912198132269,23.1174339343061,26.3088657580742,24.2766906647469,24.4125644390287
PONP800103,8.03614000090697,7.67247955801106,8.77563153895588,7.69758660163263,8.41081269476781,7.95392995497846,7.96914969525793,8.44935191000956,7.51934017016959,8.35026969782578,8.56370519857931,7.66915193016775,7.87572776382872,7.84146184466831,7.85527184993879,8.01342908634162,7.97302111632507,8.60981578553227,8.23549796016315,8.17811322523207
PONP800107,11.6313759804139,10.3885281767956,11.0492278917527,11.2077797133186,14.291712317533,10.9623463511672,11.4847257321244,15.3289270827387,9.72761255423437,13.5520015532335,12.9917081046173,10.0587019339301,9.99609145552749,10.6297010248156,10.4784456979745,10.3563049533068,10.6390195109902,14.9669517248263,13.9369978401729,10.7612531633704
PRAM900104,2.63252708890594,3.3157812154696,2.6813343854112,2.86158471033252,2.4978965064786,3.53119778033718,2.58366731083691,2.42152972077882,2.82244097593955,2.48470241457199,2.26932838230546,3.1685100459026,3.79422582363233,2.83025493351402,2.74357890444468,3.22213369013164,2.90678686095331,2.35350107333633,2.64539476841853,2.95839066454216
Pa,3.50229995012924,2.717564640884,3.05163831901339,3.58641847501493,3.15112842381498,2.60140299445085,3.02786680541105,3.11887226631651,3.22760466557731,3.2606608302739,3.51640135615113,2.70867183384751,2.59917142204977,3.17689421529601,3.03932309365231,2.79612364152695,2.86810014818475,3.10325195946282,3.12341972642188,2.70899803168056
Pb,2.84695833522234,3.22224309392267,2.57800222105321,2.37782998208239,3.36746514679352,2.76746047534288,2.90266389177941,3.57236281619365,2.75602862455634,3.28702202767563,3.04157894736844,2.92248777184137,2.56999391310967,3.13961971711697,2.9596866929455,2.78226858172684,3.24089034329465,3.71620238630122,3.35267338612912,3.47813384572119
Pc,2.65338849344882,3.18474917127072,3.18013092524409,2.79290264782,2.7223167131376,3.50895351272118,3.05523264456667,2.66329012733397,2.9470569673747,2.67603148828007,2.5595624798192,3.34561667544584,3.59985467549269,2.81701617684428,3.02822617914913,3.32708426628801,3.04757903185978,2.60890419849238,2.75448524118071,3.07461336582621
Pf-s,3.02881851566404,3.4260552486188,4.97464492372432,3.22793898068882,3.09913482040351,6.01967856768907,5.18527575442252,2.61647633186777,4.15291316842283,2.83632095453263,2.99962060058122,7.66494845360816,2.50154074412239,3.76840010163464,3.86299782520044,3.55620392114025,2.43054149172638,2.53314861963952,3.19056875449963,3.51639797544284
Pt,2.55519426939289,3.14171049723757,3.37944122976219,2.64376119848696,2.57947515171394,3.50902052141141,2.88134235171695,2.43800319762459,2.92315884374822,2.53663548432642,2.52844204068454,3.4881503499135,3.47001369550329,2.87747607351571,2.86072787821121,3.37368303205725,2.87655779204749,2.43515950277073,2.91951763858892,3.10944418408471
Q,-3.14766287346421,-4.9739226519337,-2.68905254544392,-0.563507863826399,-4.88953583729703,-4.30907758349911,-2.33551360190278,-4.57328841432079,-1.44863920662647,-3.61042078508896,-2.01598320955764,-2.41831590036873,-3.40386517537853,2.52612856779876,-1.46119342123148,-2.54661132652504,-3.32761175598913,-4.0849183765164,-3.8963282937365,-3.41194113787609
R,-4.93131432198395,-6.9432044198895,-5.98234847156467,-3.90717698586502,-6.45276365425619,-6.0729243011203,-4.00906793518656,-6.22172100725176,-2.10452470840142,-5.24774075120023,-4.72328059412335,-4.06230717134472,-5.91721829110553,-2.9311425425595,1.20123691722169,-4.97842826716182,-5.00333415658187,-6.50102341370875,-6.29469642428606,-5.59040209954073
RACS770101,2.79711973523144,2.86430629834255,2.75968560406806,2.84935352379058,2.64700442840733,2.88238645168051,2.74511208562509,2.64285313766916,2.90254888150104,2.69964077944086,2.67444979011949,2.84936872601392,2.9104610819448,2.91090954518512,2.8237194508632,2.91984643110695,2.86792140034573,2.6937117967151,2.72114086873049,2.8015622832505
RACS770102,2.88016248809912,3.02265082872928,2.80146759015724,3.04590578339641,2.67696547482367,2.99967898649352,2.85191303701501,2.7026247930109,3.17419648391278,2.75590910053647,2.73261059089442,2.98014034163594,3.03073088335999,3.09431362750908,3.05237827918987,3.02032685271156,2.97563027908122,2.76444266387097,2.821906887449,3.00235176680101
RACS820113,58.2054059935635,61.1020353591159,70.4578964287802,61.5127473621342,58.6425397736589,80.1300115171187,64.6698022892821,58.9207685719179,57.9511297684114,52.5403999576389,62.2453132063286,76.423708330198,65.9262984098001,56.3913559752692,62.6219661546828,61.8067757085913,60.4741670782917,58.8029983525543,65.4318070554358,68.8520076858182
ROBB760105,-1.71857913587521,-3.86123756906075,5.14758314337482,-4.48350089587898,3.04645727406916,-3.57283530520348,-1.88708190872602,6.97095871638203,-2.71456020735897,2.64638520192049,2.68546980949301,-3.42520129430349,-1.06671992695732,1.83433556364869,1.06751393230936,-1.02232537818801,2.11349098542852,7.45894363736186,-0.595512359011285,4.50224013497038
ROSM880102,-1.4404157410345,0.974704972375704,-2.90395639721778,1.12831773840341,-3.86640888961784,-0.734683279237799,0.307984242604431,-3.52460286644206,1.73127627204603,-3.5500331827167,-2.30027607361963,1.47680713371959,-2.55443734307241,1.4363208266283,3.17650400978663,-0.743239582764443,-1.3597351197826,-2.8762553042783,-3.42131509479241,0.398266941606522
Ra,11.5946085143034,10.7926806629834,10.5851475831431,11.1715040812262,14.2485501066096,10.9231776777297,11.4574312472128,15.2862781933423,9.6898146165547,13.5132790878282,12.9531094607684,10.026150199413,9.95290496842414,10.6026416532563,10.4447798015493,10.3214089891324,10.6067349962951,14.9274744146571,13.8928317734582,10.7229646639796
Rf,29.8665140318267,22.6953149171271,23.2647027880065,23.0683257017716,38.2377398720685,25.4330174850801,28.5996432287795,36.2544110089645,23.4022877105989,37.0852372211237,34.3474168550209,25.6996011739031,34.7767024271476,29.2226475819429,24.6786665760499,27.0914040740536,30.0114472709312,34.0422145674207,36.3529637628989,34.6409410441467
S,-0.652173913043478,-2.54298342541436,-1.89613653632591,-1.94803902050567,-3.57872724290635,-1.58826300910899,-2.86323769882563,-3.41152286872609,-1.96917788922071,-3.60812623552669,-2.88714885372942,-0.953420121905335,-2.5404397778285,-1.93122723807911,-2.76858773956776,1.99901698432636,-0.541676957273401,-3.35010733363287,-4.19342452603792,-3.41016027743931
SIMZ760101,3.20712744253524,3.03315801104973,3.33386638611261,3.09722177981274,5.08114318517295,2.48901371584126,3.7095466032407,5.35664135213849,4.03983433819799,4.91497740751188,3.74446884081374,2.59505681390625,5.1160001521722,2.43742779706956,3.2715162430338,2.57593195347056,3.01619288713266,4.15126703609405,5.40675305975522,5.45083044334051
T,-1.93924831119373,-2.83734806629834,-2.96329417265767,-2.99517220784392,-3.80047564375923,-3.6845356507172,-3.93592983499331,-2.77759378747216,-2.98901222741872,-2.87319966111268,-2.81143041653213,-2.01294303559335,-2.85353420071521,-2.87092402811891,-3.03839880386027,-0.810714870842663,2.66016300321067,-1.89156806949229,-4.17038636909047,-3.86765395069828
V,-3.2676701273972,-4.62740331491713,-5.98363434449705,-5.35561417479594,-4.88084303755946,-6.29546644330437,-6.25791586145384,-1.32318848855136,-5.20144249732349,-3.05732843829427,-2.8062641265741,-6.03190608774174,-5.53450505972761,-4.94350808842212,-5.94474649993204,-5.21926710720332,-3.33162509261546,0.182517098497329,-6.81185505159587,-4.8505014528072
V0,238.472374302939,247.07987403315,254.01467531709,266.680299124021,298.85849844186,221.640910899387,279.613872454289,284.995872209205,288.49001803122,286.469544973178,283.959339683562,258.499487546088,261.987111009668,274.666987380365,307.799222509169,239.259462618111,255.700721783162,269.064193000861,322.272678185743,302.786095229169
VINM940101,2.96814190506405,3.05453745856353,2.88867560932851,3.08196839538105,2.90308028538625,3.01562585069638,2.93309157127992,2.9188230457375,3.08858043612987,2.92501913301314,2.94126396512753,3.0336840996313,3.03135943087567,3.02265749131867,2.99165597390255,3.02908803451489,2.97845554457897,2.91702935450044,2.89227957763381,2.91536160839819
W,-12.0872738813075,-11.5224309392265,-12.9233736629844,-11.9358451124826,-8.64318517303592,-11.745890482672,-11.0532183737179,-12.4047850168446,-11.9479912097819,-11.4168667043208,-10.5369712625121,-12.7702611182181,-12.8510994445713,-10.9872109765393,-11.8705314666304,-11.927966795915,-11.41158310694,-12.2964904398183,1.25365970722342,-7.43452994657419
WOEC730101,21.6305209230629,27.7419447513812,20.0063884505233,27.297192912602,19.7564785960312,22.5282274107426,22.9906793518652,19.8047793068005,24.8370090719552,19.7274357526133,20.0884404262188,24.6191511776659,21.1983108879261,23.2949944947922,23.7785646323232,22.0171754682979,21.06065077797,20.280814737157,20.0984881209504,20.4452994657424
WOLR790101,1.51113977422137,-0.564709392265193,0.997837980010512,-0.627181962970363,0.964362801377723,1.53448696471573,-0.614059759179437,1.41389596299897,-0.464175917056411,1.42156629483203,0.847673555053275,-0.477953946873349,0.870137715894386,-0.473330227830945,-2.24113633274432,0.340463655726062,0.421347246233642,1.45020368428929,0.062853371730262,0.036259255787796
Y,-6.76660470598903,-6.95977900552486,-7.28324273774037,-6.48536731037229,-2.1239954075775,-7.47277771961051,-2.65705366433774,-6.06429509507223,-6.46019045472474,-5.9519909630048,-5.81078463028738,-6.41590789374671,-7.43574526363844,-5.70542898280681,-6.4251053418513,-6.51783081208017,-6.57520375401334,-5.96160950526684,-3.09383249340053,1.91348767457119
YUTK870102,22.0196037539097,22.1209060773479,23.5726752001868,20.0308281903243,23.3911677874366,21.5715736572086,24.4683960160547,24.9835893336387,22.783794444132,27.2394909630046,23.5315466580562,21.4675746858305,22.1979837175684,23.7635893961208,15.1925173304334,23.2894380427071,22.4059953074836,24.5164445110077,20.7388048956082,21.8692567250917
ZHOH040101,8.17787505100431,7.73793370165737,10.0105944239875,7.92565598248062,11.8061538461538,7.18111297246344,8.58171398840496,10.3568583338093,8.17358032343492,10.6246678198248,9.56705844365522,7.93342614192189,8.14918283496921,8.21210298975186,8.78960649721358,7.71158538583368,8.25665596443594,9.73643053267444,12.3807415406768,11.0084450276501
ZHOH040102,7.72773722627744,8.29121325966845,8.27256122508612,8.5390518614374,10.7137067410201,6.6450246047536,9.1136286606214,10.4172374807284,8.5220538682592,10.6171890002829,9.82540361640293,8.88443298969082,8.45781708894477,8.41672313034638,9.24196955280702,7.80209109278582,8.47219375154373,9.59125355698682,11.516861051116,10.4030377729872
ZHOH040103,40.7093802420996,35.1653701657459,50.2161961540712,34.4364473422256,50.7989339019192,34.2242592398703,38.5978296417422,46.8514474961453,33.3957288555819,47.5133401581471,42.5427026154342,34.9582963353156,37.367222095412,35.7199966121787,35.9121788772592,35.5914914532245,37.8674857989625,46.5871648944144,51.3136549076073,46.5388133845717
ZIMJ680101,3.48338894681967,3.30251270718231,4.2714670641183,3.36853872187933,5.37399704772849,2.76684273898018,3.85694960606512,5.65405584423001,4.31139798275757,5.12756071731161,4.01226186632226,2.86086763488597,5.40053564635161,2.69147793681715,3.53428367541123,2.84795860411774,3.27782230180299,4.43444860466278,2.90197504199664,5.63650857624888
ZIMJ680102,42.019622342113,42.1297016574583,44.3313583494077,44.3655365319536,49.9917393800227,33.8160197885033,44.4929805262369,51.5038405755718,46.4733898687112,51.7689515673561,46.6854504359052,43.7171916622762,48.1582690405541,45.3429736596928,45.0526097594142,39.9750051881371,46.5918276117545,52.116763017324,51.9195800335982,48.3488180710483
ZIMJ680105,29.8779752459537,22.7049723756906,23.2761938161205,23.080459884531,38.2480482204367,25.4441262695004,28.6117288538724,36.2643807457315,23.4141432354765,37.0957674385766,34.5613012592832,25.7107984046954,34.7876131781178,29.234716693487,24.6895541661001,27.1026705259131,30.0231970857005,34.0531675902354,36.4649628029759,34.6510825756868
aC,3.52584757673301,2.80199116022099,4.19601788532355,4.09456301015327,3.11268738723963,2.69692754685369,2.61169912293743,2.79241477759373,2.6655919310307,2.68032088393099,2.83473361317405,2.99722552487018,4.28602145628843,3.25396120945204,2.45193829006387,2.85388455027035,3.30385527290675,2.72499575657729,3.50081353491722,2.78776173961946
aM,3.26484562723852,3.56413038674033,2.54954351510903,3.33308132590084,3.12161226832873,2.39863155690506,4.25230860710571,2.79324730200419,3.68624838000794,3.09191683140365,3.51216984178238,2.92840544811498,2.00002130411629,3.6907639535869,3.63371347016441,2.86506580743814,2.45511422573477,3.21433128650593,2.49632349412046,2.5305539413253
aN,3.70563721267595,2.33856353591159,2.58984394178505,3.53999601831566,3.13914138100702,2.55533504345095,2.92086665675635,3.23449152058461,3.22042655096646,3.9512309375888,3.31639166935747,2.58110166302958,2.02359202617363,3.07763360718215,2.75255674867471,2.73821418819291,2.81895468016796,3.45864310318996,3.35361171106312,2.58044052863439
ali,4.04878269936981,2.82762430939227,2.93395289029166,2.8339637666733,2.7354436608168,3.99314207936342,2.8381150587186,3.74264831839205,2.85039725023948,3.79349053939565,2.76315789473684,2.86108811799232,2.80133911587918,2.88616922164817,2.91130895745548,2.84741412265851,2.90781674487528,3.85337726523888,2.6695464362851,2.76314556190833
all_abs,29.186356381773,19.4646607734806,65.1973036006547,83.3491190523595,35.9604083975725,28.4680293193719,63.0903731232345,29.6339241662861,101.317395886165,32.8380763935469,43.0882725217952,65.1982173225974,57.9506931973826,77.5975844837807,99.3654071506258,42.7111694341272,47.1540349469004,28.4444920373422,48.2296638655463,50.1227114194635
all_real,26.9083427794151,14.3842872928177,46.4153553892915,48.3881096954013,18.0222486468757,35.2620209424084,34.4997770179874,16.8911831886707,50.4832403493943,18.3398736188089,22.261268969971,45.2367747761307,42.4953051285954,43.4516642669602,41.6321438281675,36.5829254970501,33.8176401580635,18.7462732764215,19.3946458583433,23.5882805175324
aro,0.67216756585211,0.746519337016575,0.786019054298907,0.720983476010352,1.71510578973266,0.762223850905664,0.772261037609633,0.670530463084566,0.733363385360906,0.673185540807681,0.697610590894414,0.768154112423809,0.750894012021608,0.715423054120437,0.720810112817725,0.762820162743706,0.720424796245987,0.682691827667116,1.71778257739381,1.77692379791921
class,0.121866074262139,0.133922651933702,0.144602256122509,0.150507664742186,0.172789896670494,0.129934038320595,0.167682473613795,0.148346942271455,0.143573561728743,0.153311211522169,0.171940587665483,0.156821431258936,0.151639656090695,0.164648090116033,0.191178469484844,0.151548249685981,0.150716226228698,0.141031401327942,0.179985601151908,0.186802886868498
contact_count,1.23303259736138,1.25348066298343,1.240808930972,1.20426040215011,1.25151713957684,1.28243115904094,1.23175263862048,1.22457602923543,1.24347777089085,1.21088675515391,1.21924443009364,1.20076755211077,1.24225823632352,1.21826035402727,1.18784830773413,1.22969799574027,1.19461595455668,1.25440567120963,1.16006719462443,1.25456931296279
dASA,265.356675885211,310.075359116023,266.773399964932,276.941011347793,340.625676562241,238.499575960625,305.791169912291,333.816581967685,283.66390939313,322.84911395085,341.695092024536,270.978410715622,268.863600395642,290.876488523764,313.152460241939,258.245797607995,274.33676216349,309.392276970698,360.57636189105,340.527584590867
dCph,52.7732230131028,47.8566696132592,42.7661803729031,42.0700024885524,76.3172174840088,43.2104339859702,59.8827099747285,78.7192337121002,56.5324471741702,75.6978053515951,69.5123151436876,43.5033900218228,62.2918968272092,42.9935741509272,55.7222244121254,45.28171754683,55.9229828352679,70.7123413708734,74.910981521478,68.4557118755281
dG,0.045614544135649,1.20153370165746,0.052981471740019,-0.04907525383237,2.22911349844187,0.196987749973823,0.697954511669392,-0.030171301319022,-0.235844368062207,-0.026192812764757,0.603708427510492,-0.191498231620138,0.046068629688807,-0.142313034640469,-0.614195324181065,-0.283453115613569,-0.128796616448509,0.00999151315461,1.84492440604752,1.02181179117072
dGc,4.36348143446529,6.83888397790048,6.76278508387409,7.55052259605813,7.31296539281604,4.73957439011621,7.95302363609334,3.68846514018158,5.8224195638701,3.74506036430389,5.14066354536659,7.1878553691023,3.63084227345358,7.65784873380195,9.28517738208512,7.35175468297748,5.52412571005182,3.78415655733612,9.69300695944324,10.7432036741963
dGh,-4.32763340436138,-5.64649502762433,-6.70925185574856,-7.59895679872585,-5.08289978678038,-4.54156475761701,-7.24416679054561,-3.71777765088791,-6.05742660731397,-3.77045890991241,-4.53614465611884,-7.36858680111387,-3.59355322224755,-7.7995113068518,-9.89865094467858,-7.6344601605592,-5.64223882440121,-3.77336777994103,-7.83717062634991,-9.71025213234609
dH,0.964902298590034,5.78543425414367,0.840193465427549,0.491445351383632,7.2678112186321,0.360334519945556,1.42999851345325,0.53871295608977,-0.954147179805004,0.522331615362895,3.34644333225702,-1.46118293325305,0.583083009967278,-1.28323113407304,-3.89619206198182,0.447617279231043,0.645913188441596,0.748953122659897,4.84636909047278,4.26881244727714
dHc,12.5812612775989,18.8629613259668,14.7987351686248,15.667194903444,21.9302296211254,11.3705360695216,17.8594529507953,13.9085959001887,13.5615146221897,13.6461465687655,17.0104536648369,13.7019256527954,12.0618846534279,14.5051189972053,16.1503010738075,15.8469084157064,14.334104717214,13.3730812241026,23.4155531557475,24.6307507732681
dHh,-11.588750963413,-13.0706298342542,-13.9517160558769,-15.1589179773045,-14.6555199278331,-11.0031792482462,-16.402360636242,-13.3629823559646,-14.5088414943368,-13.1167865715898,-13.6467920568291,-15.1666460982767,-11.4723799741305,-15.7814576098922,-20.0393727062661,-15.3723679755341,-13.6915083971346,-12.6174439618594,-18.5623206143509,-20.3452272940291
f,3.6091036859047,4.64773480662983,5.60786720439535,6.78429225562413,5.62506150565852,3.61564234111611,5.63757990188791,5.67829612288015,7.73477207415338,5.71268709404123,6.69195996125283,5.67093084505982,3.63569961196074,6.72262217328703,8.71231480222917,4.58270984654033,4.5403803408249,4.63236982676851,5.71082313414927,5.68572499765676
hb_acceptor,0.749376615133518,0.831602209944751,1.69933952890292,1.34192713517818,0.778661636870592,0.587163647785572,0.977404489371191,0.814594872380517,0.630360060855356,0.795890991245411,0.777688085243784,1.07073519452179,0.520200867381876,0.984924197509952,0.696955280685062,1.01824040194419,0.986848604593727,0.771454245918826,0.802255819534437,0.969350454588059
hb_donor,0.850296957881852,1.35756906077348,0.717049506107896,0.783645231933108,0.839511235033623,0.779028373992252,1.73970566374312,0.859818420601839,1.55372739054488,0.886684552386332,0.880368098159509,1.53141696139664,0.017271551396181,1.5241805708478,2.84205518553758,1.83042979629731,1.85249444307236,0.839948080475263,1.39092872570194,1.55469116130846
mc_abs,7.32282974382231,5.43807071823204,8.59875730652321,8.6555370296635,5.08050270624896,12.6619319371727,6.81921064367474,4.24003483325721,9.06308650324036,5.20500970805239,6.42871649983857,8.80858830611784,7.88099984781615,8.00678241721011,7.68182368134854,9.20902010050252,7.10980180291429,4.75155259348011,4.8497575030012,4.95294393399586
mc_real,18.9827794150987,14.3949171270718,22.8040507364975,23.0654688433208,14.3412907987535,26.5222617801046,19.0180764085031,11.3776096391047,24.1290842490842,13.8194725879902,17.1419115272845,23.3374746030552,48.3770887231772,21.2876429236894,20.4387778684068,23.9610279659166,18.9267411706594,12.7657031601019,12.6779111644658,13.9783423963997
neg_c,0.970122863490048,0.944972375690608,1.92021742942311,2.00368305793351,1.04830244382483,0.911370537116532,0.935186561617363,1.0654371038657,1.0755057192765,1.03720700367128,0.998224087826929,0.963202648807284,0.958989576200259,0.977386296264928,1.03839880386027,0.94391349462072,0.960237095579155,1.01822175627777,1.04127669786417,1.01958946480457
p,1.85759622795484,1.9553591160221,1.91226839675025,1.84745172207844,2.02468427095293,1.92178829441943,1.89980674892225,2.00845086507166,1.84735448244774,1.97807822648969,1.8887633193413,2.94664760328091,3.00106520581298,2.94698060472601,1.84810384667663,2.99371962208509,2.99913558903433,1.97913234486546,2.04919606431485,1.98228512512888
pHi,18.2549508092672,17.3683845303867,15.0505599392136,17.5722068484966,17.6658701000494,18.1759543503296,19.9280853277837,18.2882590075947,21.9916188651602,18.3003618328145,18.0069066838876,17.6916050869138,18.4362938446321,17.979711188278,23.0461546826156,17.9255747911092,17.8778951592983,18.2073820578107,18.1689896808255,17.9167616458897
pK,6.57993516797389,5.85822762430938,6.22765328189841,6.40870445948647,6.11231261276031,6.55469008480776,6.02618700758135,5.58403072003653,6.40256155970029,6.58730796385204,6.51734743299974,6.23326736398529,6.1986449060336,6.39889133564833,6.03192129944276,6.4298547321282,6.32930785379104,6.5425380659977,6.60816174706024,6.41397225606908
polar_abs,6.77449829970529,5.03800883977899,41.7771457797521,48.5467310372289,4.72072904707233,11.0742759162303,24.7869496060651,4.04387848332573,38.4965917159763,4.83588378578742,5.96283177268324,46.7571126495597,7.30926571298127,50.4686067587027,62.9990973355086,19.8729298667249,16.4028278587305,4.53840147770954,11.2156446578631,18.5107706731671
polar_real,18.3400997506235,13.6518011049723,45.8577215337855,43.3854021501095,13.5635148433656,25.8125078534032,28.9099895941727,11.0604956601189,45.7119132149903,13.0966992621881,16.3627219890216,47.8570923320041,47.3402602343629,39.9878970102482,39.1899265905383,29.2285012016606,25.8018523092122,12.4396485447557,18.7070348139256,24.2684324020252
pos_c,1.01555061885116,0.992707182320442,1.03208837453972,1.14448536731037,1.06027554535017,0.994712595539734,2.06511074773302,1.10437960372295,2.04175353580887,1.09665348771533,1.03115918630933,1.01399653849048,1.00829338811535,1.0229524858135,2.03153459290472,0.978974386980504,0.981476907878488,1.04453097698567,1.10919126469882,1.06233011528728
pssm_sum,-100.065920116063,-116.463425414365,-111.533695715705,-101.673551662353,-110.247990815155,-117.450424039368,-102.138992121302,-111.030034831268,-101.980672789767,-109.462016379554,-97.8971585405231,-102.464293776808,-114.93167465571,-95.8945540780893,-105.129944270763,-97.1101523674294,-98.4175722400593,-107.035494982777,-116.612910967123,-101.464523385509
residue_depth,3.6588833476901,3.99890386740332,2.75834589981874,2.75882490543495,4.0437018205675,3.27201549575945,3.29930429612012,4.19139267972362,2.75304051388971,4.09796879412601,3.98247174685179,2.92743998795997,3.05789393593552,3.00618616075211,2.98923474242217,3.13977336027521,3.31752284514691,4.07243223004347,3.81203263738902,3.62660605492549
s,2.74774448021036,2.79823204419889,4.71576363317552,5.84103125622138,4.76061997703789,2.72981886713433,4.78995094395719,3.77228344658254,2.79297909505832,4.82321378141768,2.7541168873103,4.76273609752427,2.80925207334703,5.84695519607013,7.8784151148566,2.70214625088744,3.696036058286,3.75962258499326,4.81905447564195,4.82275752179211
sc_abs,21.8635094082975,14.0264685082873,56.5985515548281,74.6936029265381,30.8799573560767,15.8061403141362,56.2712159952428,25.3938653494748,92.2542750070448,27.6330864546193,36.6595479496288,56.3896342839946,50.0697230254146,69.5908350978233,91.6835787112561,33.5021760978808,40.0442603111879,23.6929399430881,43.3798343337335,45.1697421713855
sc_real,31.3006211743365,14.3691491712707,55.0828209025017,55.4416583714906,18.8224372642284,48.0789528795811,38.2770031217482,18.3853129282778,56.5481713158637,19.550248879161,23.5120116241524,53.0108661298817,41.7138943844162,49.3535953248072,45.5898722131593,42.7781625518897,39.3166275623609,20.6955768558732,20.6204321728691,25.5193980873806
sul_c,0.277009566124133,1.38430939226519,0.279092875094979,0.285436989846705,0.285878300803674,0.290074337765679,0.292701055448194,0.279164049563182,0.265735053811912,0.27689918102231,1.31804972554085,0.290616299194823,0.277562200410865,0.283475904124672,0.286937610439038,0.287259024630004,0.275932328970116,0.284509011032899,0.279097672186225,0.29131127565845
v,8.6656843632407,9.87845303867403,11.8474487112046,12.9411706151702,14.7634082335575,7.804575437127,13.9509439571875,11.7600639524924,12.8801487575365,11.8446766450155,11.8115918630933,11.8954022123561,10.8814578102412,12.9059879732362,14.9257170042137,9.74605428430998,10.7141886885651,10.7648644600869,17.836093112551,15.916112100478
