 ARMON, GERSTEIN, JORES, KABAT, KARLIN, LANDGRAF, MIRNY, NOT_LANCET, SANDER, SCHNEIDER, SHENKIN, SMERFS, TAYLOR_GAPS, TAYLOR_NO_GAPS, THOMPSON, VALDAR, VELIBIL, WILLIAMSON,-TdS,-TdSc,-TdSh,A,ARGP820101,ASA,ASAD,ASAN,ASA_PER,ASA_PER_AVG,BIGC670101,BIOV880102,BURA740102,Bl,Br,C,CHAM820101,CHOC760101,CHOP780202,CHOP780204,CORJ870102,CORJ870104,CORJ870106,CORJ870108,Ca,D,DAYM780201,E,EISD860101,El,Esm,Et,F,F.1,FASG760101,FASG760102,FASG890101,FAUJ830101,FAUJ880101,FAUJ880106,FUKS010102,FUKS010103,G,GEIM800105,GEIM800108,GRAR740102,GRAR740103,GhD,GhN,H,HOPA770101,Hgm,Hnc,Hp,Ht,I,ISOY800102,ISOY800103,ISOY800104,JOND750101,JUKT750101,K,K0,KANM800102,KANM800103,KARP850101,KIDA850101,KRIW710101,KRIW790101,KUHL950101,L,LAWE840101,LEVM760101,LIFS790101,LIFS790103,M,MANP780101,MAXF760102,MAXF760106,MIYS850101,MIYS990101,Mu,Mw,N,NADH010101,NADH010102,NADH010104,NADH010105,NAGK730102,NAGK730103,NISK860101,Nl,Nm,Non_polar_abs,Non_polar_real,Ns,OLSK800101,ONEK900102,OOBM770103,OOBM850103,OOBM850105,P,P.1,PONJ960101,PONP800102,PONP800103,PONP800107,PRAM900104,Pa,Pb,Pc,Pf-s,Pt,Q,R,RACS770101,RACS770102,RACS820113,ROBB760105,ROSM880102,Ra,Rf,S,SIMZ760101,T,V,V0,VINM940101,W,WOEC730101,WOLR790101,Y,YUTK870102,ZHOH040101,ZHOH040102,ZHOH040103,ZIMJ680101,ZIMJ680102,ZIMJ680105,aC,aM,aN,ali,all_abs,all_real,aro,class,contact_count,dASA,dCph,dG,dGc,dGh,dH,dHc,dHh,f,hb_acceptor,hb_donor,mc_abs,mc_real,neg_c,p,pHi,pK,polar_abs,polar_real,pos_c,pssm_sum,residue_depth,s,sc_abs,sc_real,sul_c,v
0.6953441583170912,0.44991511538287127,0.9842091172870386,0.8201970938930927,0.3148186924785763,0.502671106678153,0.4985376479122288,0.32950206737090254,0.3522806909371149,0.449913156820963,0.6411676383914368,0.6890170422088213,2.3133093847757897,0.2153865711565508,0.45369693521331383,0.4376001314775335,0.1695290701364601,0.2842754499705296,-0.9313038944552836,-8.211638028743756,7.261117559051543,1.9512626377113842,2.4814485197444003,28.01722809085551,401.4296051140168,135.63646914811238,25.193325021534303,30.271640182255155,218.13203971527946,54.62052863036678,0.9932568799020536,41.86497665140236,0.9784050414834561,-7.447340980187695,0.35404465702498333,437.28498889241513,2.902537063063834,3.2271374166929854,-0.37865901981232364,-0.04402638618125872,-1.2346339030693414,0.6795425488506992,84.87963004941741,-6.646053407081652,248.6310468332049,-3.5539284580858683,1.8130511855646674,1.5559423312327003,3.8377127442534724,5.41173505009765,-8.019494944915447,2.900442943283381,346.6944180985537,827.9909325837602,-2.1036373940245765,1.2813895815387601,5.658395974066593,9.607569479076771,17.722233304620175,18.090215804507164,-6.122455456317723,2.8963082014779458,2.825973160447991,24.374615768236506,186.96271025071405,-7.648165208323637,-3.093966541234039,-6.706079702588747,4.839606474135198,40.50760166840514,0.9029392029740865,38.559572924695225,3.4550251620800716,-5.33168608604978,2.908675250487495,2.605377431200998,2.9931572743345396,3.5285600943011617,12.309702135376401,-3.768463526318176,-86.83276556195267,2.8423434737271647,3.562028381012859,3.124344335131665,-0.2555637666046983,13.83173595683966,13.865051004216127,2.5162338486648594,-5.437366822323979,-0.14484064015959364,-1.0278823049371257,3.0162819059708554,2.995532030647808,-3.6425171147481525,39.0745065058709,2.875379698055081,2.980754409031191,7.640850977014125,-0.7746801468921544,47.673234347374226,347.3435190642426,-5.455501654803464,63.47087092532983,52.13102416466428,67.5812667180487,77.18270843723081,2.992994514213169,2.6221244956249987,0.916052953710813,11.985883846398295,5.831848846171321,22.411901609612272,31.299641804579238,18.31714693747942,3.5643256109171704,-1.2391866527633368,-1.588250215351101,0.5021485242780026,14.318113070680837,-7.09434646597452,26.992860769824087,376.059591059533,23.58621072675155,8.036140000906974,11.631375980413866,2.632527088905936,3.502299950129245,2.846958335222337,2.653388493448824,3.028818515664045,2.5551942693928917,-3.1476628734642063,-4.931314321983951,2.7971197352314356,2.8801624880991166,58.20540599356349,-1.7185791358752112,-1.4404157410345049,11.594608514303351,29.866514031826746,-0.6521739130434783,3.2071274425352376,-1.9392483111937253,-3.267670127397198,238.4723743029388,2.9681419050640545,-12.087273881307521,21.63052092306289,1.5111397742213692,-6.766604705989028,22.019603753909735,8.177875051004309,7.727737226277444,40.70938024209964,3.4833889468196744,42.01962234211296,29.877975245953706,3.5258475767330064,3.264845627238518,3.7056372126759527,4.048782699369815,29.186356381773024,26.908342779415104,0.6721675658521105,0.12186607426213901,1.2330325973613818,265.35667588521136,52.773223013102765,0.04561454413564924,4.3634814344652915,-4.3276334043613796,0.9649022985900335,12.581261277598896,-11.588750963412977,3.6091036859047017,0.7493766151335177,0.8502969578818516,7.322829743822306,18.98277941509866,0.9701228634900485,1.8575962279548444,18.254950809267232,6.579935167973886,6.774498299705286,18.34009975062347,1.0155506188511583,-100.06592011606293,3.6588833476900953,2.747744480210364,21.863509408297478,31.30062117433646,0.2770095661241329,8.665684363240695
0.7553089944751376,0.5466516464088391,0.9865506961325802,0.8744867845303884,0.3834289060773479,0.6046266961325973,0.6382329723756911,0.43420490607734774,0.44520413259668545,0.5466500773480678,0.72120932596685,0.6912610607734793,3.3135911602209944,0.0,0.44938300552486143,0.48581977900552475,0.21780039779005847,0.4111660994475142,-4.595549171270728,-12.020238674033083,7.424134806629877,-2.367513812154696,2.333029834254144,18.7692817679558,431.9901878453089,121.06965745856317,13.294061878452917,27.591753001841685,235.2559337016568,-86.72729281767955,0.9738704972375689,43.79997348066308,1.1627955801104966,1.345193370165746,0.42078674033149144,475.3259668508287,2.6113149171270726,3.9414983425414674,-1.2884762430939367,-1.1379955801104946,-12.199898342541495,8.613960220994475,90.45878453038674,-8.034696132596686,253.6649723756906,-6.275138121546961,-0.11416353591160161,1.7405988950276337,3.7942077348066348,5.542318232044136,-8.322872928176796,2.815595580110504,393.83295027623757,798.5116022099447,-0.36170607734806615,0.15123314917127076,6.015692817679518,11.538232044198946,19.34892154696117,19.41673591160239,-8.705635359116021,2.650342541436471,3.359036464088356,29.451933701657484,211.4507182320442,-9.316114917127067,-3.426961325966823,-7.2519337016574585,10.43023204419889,42.053734806629706,0.4989259668508284,39.76804861878432,4.129191160221002,-5.762430939226519,2.746788950276253,3.384430939226534,2.7106895027624427,3.3208861878453013,10.450453038673999,-5.622099447513812,-94.28748508287265,2.7385723756906053,2.950391160220996,3.1189080662983475,0.8693922651933736,15.122674033149211,15.735776795580088,3.109615469613257,-5.732375690607735,-0.3696883977900591,1.989281767955792,2.5567911602209823,2.558587845303868,-4.444861878453039,36.78131049723775,2.7490497237569,3.3922342541436477,6.88926629834258,0.029191160220994362,69.70652596685035,382.16574585635357,-6.169723756906078,-103.55049723756906,-86.96375690607735,-1.2333701657458565,45.52110497237569,2.926318232044203,2.9900265193369946,-3.200320441988963,13.65647071823216,5.56352486187851,14.426483977900553,14.645878453038662,20.133436464088433,2.626090607734797,-0.5286408839779029,-1.4501661878453072,-0.4315756906077348,12.712833149171221,-8.712265193370166,28.359955801105006,423.54503867403446,22.03033149171264,7.672479558011061,10.388528176795598,3.3157812154696016,2.717564640884,3.2222430939226703,3.1847491712707208,3.426055248618795,3.1417104972375665,-4.973922651933702,-6.943204419889502,2.8643062983425547,3.0226508287292777,61.10203535911591,-3.8612375690607537,0.9747049723757044,10.792680662983413,22.695314917127078,-2.5429834254143646,3.033158011049726,-2.8373480662983424,-4.627403314917127,247.0798740331505,3.054537458563533,-11.522430939226519,27.741944751381194,-0.5647093922651933,-6.959779005524862,22.120906077347897,7.737933701657372,8.291213259668446,35.16537016574589,3.3025127071823097,42.12970165745834,22.7049723756906,2.8019911602209904,3.564130386740333,2.3385635359115944,2.8276243093922653,19.464660773480638,14.384287292817657,0.7465193370165746,0.13392265193370165,1.2534806629834254,310.0753591160225,47.85666961325919,1.2015337016574552,6.838883977900476,-5.646495027624332,5.785434254143667,18.862961325966825,-13.070629834254156,4.647734806629834,0.8316022099447514,1.3575690607734807,5.43807071823204,14.394917127071837,0.9449723756906078,1.9553591160220996,17.368384530386738,5.858227624309382,5.038008839778993,13.651801104972341,0.992707182320442,-116.46342541436464,3.9989038674033153,2.798232044198895,14.026468508287323,14.369149171270683,1.3843093922651935,9.878453038674033
0.7142253959904156,0.49160777953124124,0.9857085159857738,0.8422595300718805,0.34951175989245237,0.5841238880121551,0.4919045999181722,0.3680947980595,0.37182834765327744,0.49160669822900344,0.6733551814834298,0.6794179963761784,2.465800678005732,0.4184510783797833,0.47317255245777157,0.4611358816996944,0.19442837687766598,0.3154134665965285,-0.7888362849961973,-8.041492781577011,7.242464200128619,-4.031854579461102,3.0537746215441466,71.5107253492314,432.067426500648,164.51436670758355,49.582321585130416,37.07384022054656,235.95169209188404,104.22099479805951,1.2403496405400647,42.407558010404784,0.7447033724940235,-10.590449471038635,0.44437109123852975,460.1513823134023,3.279518966625772,2.5805137646852447,0.29207083990881577,1.088403179613111,4.649442983225111,-5.361586884096149,91.58939739318487,0.5243439125606406,165.51820679174705,-1.2986147641592145,1.6215611666374887,1.4283616809865893,3.588050149044334,5.034106026068139,-9.010813022385879,3.0775854813256083,380.94538313169693,709.9433046934362,-8.058427143608451,2.5830042667601902,6.242223975685544,11.129784908527858,11.050299257700665,10.90958968963701,-7.3226372084867615,3.341076041849308,2.8621012332690463,21.61870360628931,213.76038926880588,-13.045393652463801,-6.058126716932747,-5.829271143842422,3.9279385118943013,38.306261616693035,1.2226383774621723,36.64848793032908,3.409836927932658,-6.8989420772692736,3.4572605061663597,2.4511859255362354,2.4413121748787034,4.33799754515168,8.200473435034082,-4.0563446139458765,-94.54399497340688,3.2156292010053567,2.7653562452509806,3.0394934245134104,-1.1117072885615777,8.289464609270171,11.270592086036793,2.2624057513589735,-7.6723946460927,0.14714594657782526,-1.658220819451674,3.2668712373604234,3.339506107896433,-5.432111754047577,40.77237477351088,3.2088333625577503,3.071416798176396,8.698747442866358,-1.777912209947982,45.699410836402386,393.4560173008358,-2.83301186510024,122.73750657548659,138.68642235080952,218.8675550879654,248.69817055350984,3.171949266467953,2.9383295341632976,5.947577298497762,10.985470220351932,5.4867724589397255,23.420163081599252,47.41148585457095,17.268692501022688,3.630763340931751,-0.5927073470103331,-1.777986907475599,0.26587877725173836,9.017493716757045,-7.360512011222164,76.02859898299126,402.61184172073337,26.936304284293477,8.775631538955881,11.049227891752693,2.681334385411198,3.051638319013395,2.578002221053215,3.18013092524409,4.974644923724324,3.379441229762188,-2.6890525454439183,-5.9823484715646735,2.7596856040680566,2.8014675901572406,70.45789642878022,5.1475831433748205,-2.9039563972177787,10.585147583143119,23.26470278800652,-1.8961365363259104,3.3338663861126068,-2.9632941726576654,-5.983634344497048,254.01467531708965,2.8886756093285078,-12.923373662984394,20.006388450523282,0.9978379800105122,-7.283242737740371,23.572675200186822,10.010594423987461,8.272561225086124,50.21619615407119,4.271467064118299,44.33135834940769,23.276193816120465,4.196017885323546,2.5495435151090318,2.589843941785047,2.933952890291659,65.19730360065468,46.415355389291456,0.7860190542989071,0.14460225612250863,1.240808930972003,266.77339996493185,42.766180372903094,0.0529814717400188,6.762785083874088,-6.709251855748559,0.8401934654275492,14.798735168624837,-13.951716055876908,5.6078672043953475,1.6993395289029165,0.7170495061078964,8.598757306523211,22.80405073649753,1.9202174294231107,1.9122683967502485,15.0505599392136,6.227653281898406,41.77714577975213,45.85772153378548,1.032088374539716,-111.53369571570518,2.7583458998187362,4.715763633175522,56.5985515548281,55.08282090250165,0.27909287509497926,11.84744871120463
0.6910757614971167,0.44702830479793093,0.9891169072267784,0.8355240842126129,0.33015225960581235,0.5445579633685023,0.43931800218992567,0.35161556340832445,0.3770573163448099,0.447026289070278,0.6371511397571156,0.6864846306987876,2.70373029564008,0.3395910660959435,0.4530689329086176,0.4493604220585309,0.1525986213418254,0.2851736362731427,-0.5522406928130585,-8.121445351383556,7.559961178578457,-3.1304499303205255,2.395245371292071,90.64259406729046,464.1803304797906,186.27350189130638,51.91089488353596,36.49470421892608,253.13846804697997,-135.29275333466057,0.963845311566801,44.21281704160931,0.6755006967947225,-11.12004778021103,0.4696817141150654,517.8205255823214,2.4326652398964703,4.391144734222571,-1.1815872486562098,-0.5243275930718727,-4.6461293051961325,3.462960382241778,99.19943260999403,-3.1805693808480986,249.31903245072667,1.8703464065299622,0.34999502289468887,1.4322367111287457,3.580306091976962,5.0304638662154,-8.614025482779216,3.013553155484834,408.52671461278385,777.7788672108302,0.5025656977901758,0.29771003384431854,5.990479792951818,11.051238303802558,24.004488851283114,16.398157973322796,-8.392146127812065,2.61535486760903,2.8903563607405793,28.708749751144754,243.40299621739996,-14.694955703762814,-6.766073063905956,-4.874278319729245,10.2298427234721,37.95326050169141,-0.5354315150308663,36.860279215608394,3.3325154290266084,-6.969540115468844,2.7028513836352834,2.8068146525979945,2.8358122635874126,3.405066693211341,10.168913000199044,-2.038273939876568,-97.82532550268779,2.54970187139175,3.395622138164489,3.1766562313358455,1.2363811467250572,14.92969838741837,15.823151005375767,3.204876070077634,-6.681415488751742,-0.3408943858252036,2.0714363925940016,2.694520704758089,2.703927931515079,-4.380101532948437,37.95156878359544,2.63039866613567,3.016790264781945,7.005801313955815,0.005504678478996394,51.20890254827563,409.117161059128,-3.819082221779813,-132.35660959585906,-123.56788771650407,-44.57341230340434,-7.205156281106908,2.3457500497710275,2.658284391797692,-2.6002344216604105,10.745757017718237,5.8098138562611945,34.802364125025015,57.637985267767945,17.324071272148725,2.853095759506219,-0.6936845510651329,-1.4643192315350098,0.515468843320699,14.989333067887392,-7.1532450726657375,79.08190523591296,444.01992335257296,22.282379056340126,7.69758660163263,11.207779713318564,2.861584710332517,3.5864184750149293,2.377829982082394,2.792902647819998,3.2279389806888212,2.6437611984869576,-0.5635078638263986,-3.907176985865021,2.849353523790579,3.0459057833964116,61.512747362134164,-4.483500895878981,1.128317738403406,11.171504081226203,23.06832570177157,-1.948039020505674,3.097221779812737,-2.995172207843918,-5.355614174795939,266.6802991240214,3.081968395381055,-11.93584511248258,27.297192912601954,-0.6271819629703627,-6.485367310372287,20.03082819032435,7.925655982480621,8.539051861437395,34.4364473422256,3.3685387218793266,44.365536531953644,23.08045988453098,4.094563010153274,3.3330813259008405,3.5399960183156596,2.833963766673303,83.34911905235951,48.38810969540134,0.7209834760103524,0.15050766474218594,1.2042604021501095,276.9410113477929,42.07000248855244,-0.0490752538323698,7.5505225960581255,-7.598956798725854,0.491445351383632,15.667194903444049,-15.158917977304451,6.784292255624129,1.3419271351781803,0.7836452319331078,8.655537029663497,23.065468843320776,2.0036830579335057,1.8474517220784392,17.572206848496617,6.408704459486467,48.54673103722888,43.38540215010951,1.1444853673103723,-101.67355166235318,2.758824905434946,5.841031256221382,74.69360292653809,55.44165837149063,0.2854369898467052,12.941170615170217
0.748568984746593,0.5176499097916979,0.9856458258159879,0.859138404133172,0.37652520911923754,0.6083248728883058,0.574094152862065,0.38659333278661584,0.43643526324421883,0.5176487534853199,0.7046495243562383,0.6934299491553222,2.4334098737083814,0.0,0.45364817123175305,0.4784360587174013,0.20414901590946077,0.33891182548794524,-5.040381335082843,-14.623128587829965,9.572620141052811,-4.172625881581105,3.8649598163031227,35.30974249630966,479.0968181072477,137.4218796129248,17.677210103329625,28.787445246295952,278.9168361489276,150.34500574052814,1.024989995079535,49.81056503198276,1.0884467771034825,-9.973511563063802,0.5989905691323515,532.2564375922585,3.432710349352134,2.544407085451863,1.9191817287190398,1.2451098901098856,10.689128259799839,-8.144496473675547,110.58996227652943,-7.66253895358373,188.6546662292931,-5.14999179924553,3.3576882073150927,1.774712973593592,3.5666180088568304,5.349197966212808,-0.5981630309988519,2.65127275709369,423.9545998031883,809.2465966868951,-6.397825159914789,2.7113145809414463,7.295279645727391,13.67017057569309,12.759469411185908,11.956582745612177,-8.795883221256355,3.2056970641299,2.691121863211423,21.643800229621263,286.31687715269805,-8.834411185829405,-3.491089060193534,-5.381417090372314,5.302714449729411,40.47459816303086,1.4055756929637357,39.215879940954544,5.404700672461847,-5.12005904543218,3.218851894374274,2.5594185665080627,2.4544284074134577,5.491025094308694,9.14668689519429,-5.388141709037232,-96.04002542233746,3.2170428079383218,3.2201066098080435,3.018064621945315,-1.3789863867475673,12.501656552402826,12.252745612596534,2.225034443168782,-4.993111366245695,1.3754412005904502,-2.977603739544018,3.311153026078416,3.302266688535363,-3.303427915368214,39.9359996719701,3.185844677710296,2.659777759553879,9.567433983926504,-2.8760209939314287,62.36119895030211,424.6827128095785,-5.866819747416763,88.51451533541086,101.19878628833852,161.89913072002625,179.15483024438248,3.3770493685419076,2.540800393636192,6.134958996227632,12.545925045104044,5.655800393636239,31.239708873216294,18.96639330818447,18.79160160734765,3.8389248810891257,-0.7765491225192692,-1.8199166803346556,0.45506560603574714,14.223104805642064,-9.472773495161555,28.68221830408366,483.68832212563774,24.875878300803294,8.410812694767811,14.29171231753302,2.4978965064786047,3.1511284238149844,3.367465146793522,2.7223167131376016,3.099134820403508,2.579475151713941,-4.889535837297031,-6.4527636542561915,2.6470044284073255,2.67696547482367,58.64253977365888,3.0464572740691587,-3.866408889617842,14.248550106609574,38.23773987206855,-3.5787272429063473,5.081143185172952,-3.800475643759226,-4.880843037559456,298.8584984418596,2.9030802853862507,-8.643185173035919,19.756478596031183,0.9643628013777228,-2.123995407577497,23.39116778743657,11.80615384615382,10.713706741020104,50.798933901919156,5.373997047728487,49.99173938002265,38.24804822043667,3.1126873872396272,3.1216122683287266,3.13914138100702,2.735443660816795,35.96040839757253,18.022248646875695,1.7151057897326554,0.1727898966704937,1.251517139576841,340.6256765622413,76.31721748400882,2.22911349844187,7.312965392816038,-5.082899786780378,7.267811218632103,21.930229621125424,-14.655519927833076,5.625061505658521,0.7786616368705921,0.8395112350336231,5.080502706248958,14.341290798753525,1.0483024438248318,2.024684270952928,17.66587010004937,6.112312612760311,4.72072904707233,13.56351484336558,1.0602755453501722,-110.24799081515499,4.043701820567503,4.760619977037887,30.87995735607674,18.822437264228373,0.28587830080367393,14.763408233557488
0.7534680242906431,0.5739338289184325,0.9787597476704256,0.867635514605793,0.39268666631765853,0.613401633336822,0.5344815254947133,0.3786462098209643,0.38893133179772005,0.5739328499633506,0.738915584755521,0.6819563762956781,2.3936120144487076,0.393931881478383,0.5312386346979412,0.48243424772275206,0.2161210972673005,0.330083645691553,-0.17507747879803043,-6.636713956653809,6.461614490629485,-2.0992042718039996,1.951465815097852,27.723589152968277,371.5350905664399,132.28272432205833,34.74865249712126,34.21652523295971,202.28558266150438,-0.20715108365616167,1.0189786409800152,33.6512045859063,0.9710962202911071,-9.915610930792587,0.31198152025965875,398.36875719819915,2.826668935190008,2.6745445503087706,-0.6340042403936683,-0.2100937074651934,-5.972917495550222,2.8901999790597785,78.06454821484661,-5.668935190032458,196.8636791958957,-4.680661710815621,1.1387660977907823,1.5960574808920138,3.7875421421840976,5.401360067008824,-8.793372421735944,3.1079211600879204,334.386243848805,817.8953512721181,-1.8624552402889996,0.9719490105748028,4.415744424667423,8.670781070044836,18.68146110354935,20.08602502355791,-0.30609360276410846,3.007731127630641,3.457845775311405,25.30733431054382,159.36545911422888,-8.141085226678042,-3.349047743691752,-6.569416814993194,4.963663490733922,39.96911161135004,0.7454318919484977,37.63429222070949,2.6944686420269375,-8.20510941262695,2.767436394094746,3.59565699926707,3.1804900010469916,2.772805988901606,11.66106690398901,-4.815569050361218,-88.56050832373671,2.916471050151777,2.5718757198200115,3.226784577531098,-0.14618207517537446,16.847429588525117,15.65154643492841,2.4198000209402677,-8.177415977384568,0.3662705475866432,-0.5628468223222509,2.7009082818552645,2.6575201549576235,-5.746728091299341,38.44354570202049,3.004043032143237,2.451259553973411,7.321526018217935,-0.34330331902418243,33.33517485080152,335.1215056015077,-3.521934875929222,-8.957334310543398,-14.744110564338813,12.414616270547587,24.406187833734688,2.9304449795832346,3.2928897497644876,-0.5529222070987411,12.385955397340501,5.21119254528317,17.393772251308953,45.94299476439755,18.390364359752958,3.4970505706208006,-0.4027536383624853,-1.6333564024709986,0.6163323212229054,18.989414720971737,-7.781436498795937,27.28857449481749,353.79492199769896,23.252598680764635,7.953929954978457,10.962346351167179,3.5311977803371812,2.6014029944508468,2.767460475342877,3.5089535127211757,6.01967856768907,3.509020521411409,-4.30907758349911,-6.072924301120302,2.882386451680508,2.9996789864935227,80.13001151711867,-3.5728353052034807,-0.7346832792377993,10.923177677729724,25.433017485080065,-1.5882630091089938,2.4890137158412617,-3.6845356507172022,-6.295466443304366,221.64091089938708,3.01562585069638,-11.745890482671971,22.528227410742623,1.5344869647157264,-7.472777719610512,21.57157365720856,7.181112972463437,6.6450246047536,34.22425923987033,2.7668427389801775,33.81601978850333,25.444126269500412,2.696927546853688,2.39863155690506,2.5553350434509543,3.9931420793634174,28.468029319371947,35.262020942408405,0.7622238509056644,0.1299340383205947,1.282431159040938,238.4995759606251,43.21043398597019,0.19698774997382335,4.739574390116207,-4.541564757617012,0.36033451994555554,11.370536069521636,-11.00317924824615,3.6156423411161134,0.5871636477855722,0.7790283739922521,12.661931937172712,26.52226178010461,0.9113705371165323,1.9217882944194324,18.175954350329594,6.554690084807757,11.074275916230322,25.81250785340319,0.994712595539734,-117.4504240393676,3.2720154957594545,2.7298188671343313,15.8061403141362,48.07895287958109,0.290074337765679,7.804575437127002
0.6885814924929406,0.4613934443288239,0.9848203508249961,0.8286921510331486,0.32101953322431814,0.555865631039097,0.4585599375650365,0.37282341311134193,0.3792246469451459,0.46139314701947465,0.6442209751746704,0.6930773896239034,2.5985104355581905,0.22324951687230485,0.40948486695406333,0.4494631039096169,0.15509476735543523,0.2952906793518652,-0.7335231158019888,-9.91226549725002,9.158193845696452,-4.227292998364798,2.5589891482087035,62.174817898022894,466.8800654080675,160.30590159060608,34.235385758882195,32.09705606758837,260.0863237698823,58.525642931470195,0.9026955552252133,44.356625538874084,0.9112754571131314,-10.237996134978445,0.550191021257626,521.931767504088,2.9439229968782663,2.6655299539170265,-0.5529073881373625,0.03808978742381494,6.785865913482972,-2.3786962984986038,102.82235766314851,-5.975917942619295,211.42396313364054,-3.0065408057083394,1.8475412516723686,1.6192938902928502,3.646774193548416,5.273575144938269,-6.688419800802735,2.7352534562211406,416.7241311134139,808.548981715475,-3.1510718002081304,1.1365110747733007,7.4838739408355766,13.477834101382477,13.467260294336219,11.887877211238164,-8.20469748773599,2.86880927605172,2.8420707596253685,26.666894603835335,255.40359744313957,-12.703524602348885,-5.218057083395253,3.0318121004905603,6.677508547643837,40.53057678013915,-0.1361884941281407,37.9367310836926,3.584003270402881,-7.376839601605471,3.1262078192359057,2.694368960903802,2.6205500222981972,3.638592240225973,8.193815965512192,-3.9723502304147464,-93.26416381745061,2.954890738813727,3.1880897874237912,3.0614832763490973,0.2574297606659726,13.84887022446855,15.305201427084876,2.7267890590159127,-6.978891036123086,-0.05142411178831601,-1.1331053961647306,3.0189609038204357,3.2177686933253975,-4.6369852831871565,38.18616470938019,3.0993057826668555,2.7097116099301464,7.707475843615254,-0.7727902482533096,55.87885535900093,417.03463653931914,-2.9128883603389326,-75.64293147019474,-59.51538575888212,6.460680838412368,17.290025271294784,2.9023383380407406,2.6942470640701677,2.4464367474356963,11.89612159952428,5.667744908577388,38.30355136019011,39.43316485803486,18.11673554333274,2.805036420395441,-0.38649323621227144,-1.6438833060799636,-1.371213022149542,14.248617511520731,-7.84004756949606,78.76412070759612,453.0292849710196,23.785992269956715,7.969149695257931,11.484725732124387,2.5836673108369097,3.027866805411046,2.9026638917794063,3.055232644566675,5.1852757544225225,2.8813423517169534,-2.33551360190278,-4.009067935186562,2.745112085625086,2.851913037015014,64.66980228928205,-1.887081908726017,0.3079842426044313,11.457431247212815,28.59964322877951,-2.8632376988256283,3.7095466032406965,-3.9359298349933107,-6.257915861453843,279.6138724542894,2.933091571279915,-11.053218373717854,22.990679351865182,-0.6140597591794368,-2.6570536643377434,24.468396016054655,8.581713988404964,9.113628660621398,38.597829641742244,3.856949606065119,44.49298052623687,28.6117288538724,2.611699122937426,4.252308607105711,2.9208666567563486,2.838115058718597,63.0903731232345,34.499777017987405,0.7722610376096328,0.16768247361379515,1.2317526386204847,305.7911699122911,59.88270997472852,0.6979545116693918,7.953023636093339,-7.244166790545612,1.4299985134532547,17.859452950795347,-16.40236063624195,5.637579901887914,0.9774044893711907,1.7397056637431247,6.819210643674739,19.018076408503106,0.9351865616173629,1.8998067489222537,19.928085327783702,6.0261870075813535,24.78694960606509,28.909989594172693,2.065110747733016,-102.13899212130221,3.299304296120125,4.789950943957187,56.27121599524283,38.277003121748216,0.29270105544819386,13.950943957187453
0.7446165990978134,0.4725781248215586,0.9861583566493795,0.8417492434191638,0.3764977559527196,0.5946804316793195,0.657651972820199,0.3538358191058074,0.4079286472905844,0.4725766173699523,0.6713909267401307,0.6882630845657504,2.468965911037515,0.0,0.49502902415348543,0.48263074287672225,0.22192641466338334,0.28299919488379904,-0.5708188203049162,-10.215061953977226,9.645204705076226,-3.191686175983555,4.036027522411924,28.322103580197567,469.07567521267515,134.21856335293643,15.354979158339523,28.039804982965055,266.96489464968585,96.31096899446126,1.1130079369610963,51.32490492776646,1.1293913093130727,-8.83857705704334,0.4945304059841169,497.8033460857649,3.636832067606894,2.620945583281063,1.1621536001827117,1.2066105179010425,9.910779421001518,-7.812947524695988,103.76189116656198,-6.889396448352652,244.78107691429224,-4.937646319876663,2.8933769200023516,1.8061046080054495,3.6139964597727507,5.4280266088049896,-6.662707702849312,2.7246080054816293,389.92723177069394,807.5735168160795,-6.378928224747635,2.654794723919353,8.521444070119541,11.119062981784966,13.790254667961095,12.667610917604245,-9.534688517101582,3.3321915148747223,2.618074002169812,21.812727688003257,265.3788899674527,-7.17604351053537,-3.186305030548732,-7.378176211956832,4.804008450865057,41.759677953519386,1.5351144863815662,40.60895277793599,5.644826129161173,-1.504082681436647,3.354591446354077,2.2873139953177395,2.6193507680010306,5.730123907954029,9.969611146005995,-5.082110432250328,-93.27921087192324,3.482192085878802,3.2680945583280145,3.092817906697844,-0.6467841032376129,11.999554616571222,12.065977845029499,2.2415582709986914,-3.370810255238965,1.10486667047336,-2.153537372237588,3.85568206475193,3.597762233769072,-2.4045566150859363,41.54433163935416,3.252658025466759,2.6837435048249723,9.313386627077053,-2.482995489065236,51.99597099297576,390.66110889053846,-5.850625249814423,100.17444184320219,92.92034488665563,130.7594929480957,146.83549363330098,3.5347775937874557,2.7489996002969654,6.2567995203562115,13.541233369497174,5.456946839490681,25.59004225673836,18.41378483325731,19.62615428538772,4.416664192314252,-0.6190024553188974,-1.843800605264726,3.202523839433544,12.106993090846903,-8.608576486038942,29.619924627419188,447.0635984697064,25.788752355391964,8.449351910009563,15.328927082738714,2.421529720778817,3.1188722663165085,3.572362816193645,2.663290127333967,2.6164763318677746,2.4380031976245924,-4.57328841432079,-6.221721007251756,2.642853137669165,2.7026247930108953,58.92076857191789,6.970958716382029,-3.524602866442057,15.286278193342323,36.254411008964546,-3.411522868726089,5.356641352138486,-2.7775937874721635,-1.3231884885513618,284.99587220920495,2.9188230457375024,-12.40478501684463,19.80477930680052,1.4138959629989702,-6.064295095072232,24.98358933363869,10.356858333809292,10.417237480728398,46.851447496145326,5.654055844230006,51.503840575571765,36.26438074573153,2.792414777593729,2.79324730200419,3.2344915205846076,3.742648318392052,29.633924166286057,16.89118318867069,0.6705304630845658,0.14834694227145548,1.224576029235425,333.81658196768524,78.71923371210023,-0.030171301319021498,3.6884651401815782,-3.717777650887906,0.5387129560897699,13.908595900188656,-13.362982355964558,5.6782961228801465,0.8145948723805173,0.8598184206018387,4.240034833257211,11.377609639104664,1.0654371038656998,2.0084508650716613,18.28825900759466,5.584030720036535,4.0438784833257255,11.060495660118852,1.1043796037229487,-111.0300348312682,4.1913926797236165,3.772283446582539,25.39386534947476,18.385312928277827,0.27916404956318164,11.760063952492434
0.6713334253676685,0.4266896827632821,0.9868316729588499,0.8247077815968847,0.30667475066208577,0.524172564377077,0.4298161266692997,0.3367007719614599,0.369011923141937,0.4266890009579067,0.6197480588268481,0.6910090325125346,2.646277968107291,0.27517396743112,0.4464569504705028,0.43446672113596924,0.14628695554177995,0.2833586972446044,0.7167538175466318,-7.744146052853902,8.451414887023125,-3.242125429650082,3.068668507353435,102.25925508536655,496.05958190113995,211.6269566687386,49.82073420859927,36.77533950339033,272.92971206400824,-181.97081196821998,0.9693686256832172,46.314329745874154,0.6311162449991533,-10.307657632275877,0.5348298303938729,526.1993576379107,2.8131650419790017,2.5958398602580717,-0.612840592776224,-0.7869273680058569,-11.864308897278368,7.012878796416481,111.75815630810841,-5.73719501887643,203.52921620555585,-1.8870231588437483,0.5742322646080872,1.3639150278920136,3.495235251028405,4.866925114103783,-8.520876767904435,3.0825570518961136,406.72205274131136,753.3280554459909,1.982187411956961,-0.018836423057417943,6.314320166788338,12.564462162619101,21.177626641122423,20.233777539866715,-8.260438383952216,2.9135138333239503,2.740828309010014,27.637093593283492,278.5462049923931,-13.214155068462876,-4.793066997238972,-5.67938243083338,9.292934017016893,38.18257959091768,-1.2446266974700098,36.482864146052485,4.290089029131769,-6.82661858342255,2.8182988674141107,2.8465233560601386,3.1485603200541066,4.365684904490993,10.993305910858364,1.412971206401082,-94.17182622415186,2.8010351045246167,3.3644700512761703,3.176214965909722,1.7318374936609118,17.15405138896683,17.508105595312216,2.8426038203639936,-6.19496252887812,0.27628500591648275,2.5086718882063765,2.794914633459196,2.832710880712247,-3.7098664563024735,37.46022595368191,2.804314532033564,3.023848537780992,6.5182943596101515,0.24670704907872026,54.98334422719044,407.296219079281,-3.673973065870288,-21.280667155012114,-209.11776638305065,-90.80757311094833,44.02377866681692,2.8350819856877654,2.7509821378260995,-3.0557085704626394,10.840110441201542,5.673886854116166,62.820786136940235,53.94445195829818,17.125229616273483,2.3131165830844838,-1.0879123232095769,-1.396104693751127,-1.6431053135741542,20.463845156928443,-7.232546345861272,77.8516498563131,450.86815236378135,21.672527187694175,7.519340170169588,9.727612554234367,2.8224409759395477,3.2276046655773056,2.756028624556336,2.947056967374702,4.152913168422833,2.9231588437482205,-1.4486392066264722,-2.10452470840142,2.9025488815010396,3.1741964839127768,57.95112976841135,-2.714560207358965,1.731276272046034,9.689814616554697,23.402287710598912,-1.9691778892207135,4.03983433819799,-2.9890122274187187,-5.201442497323491,288.4900180312199,3.0885804361298685,-11.947991209781936,24.837009071955226,-0.4641759170564115,-6.460190454724742,22.783794444131992,8.173580323434917,8.522053868259196,33.395728855581865,4.311397982757571,46.47338986871119,23.41414323547653,2.6655919310307046,3.6862483800079433,3.2204265509664616,2.850397250239477,101.31739588616503,50.48324034939425,0.7333633853609061,0.1435735617287429,1.2434777708908549,283.66390939313027,56.532447174170194,-0.2358443680622066,5.822419563870097,-6.057426607313967,-0.9541471798050039,13.561514622189671,-14.508841494336833,7.734772074153378,0.6303600608553558,1.5537273905448807,9.063086503240362,24.129084249084226,1.0755057192764974,1.8473544824477377,21.99161886516025,6.402561559700285,38.49659171597633,45.71191321499033,2.041753535808869,-101.98067278976728,2.7530405138897147,2.7929790950583198,92.25427500704484,56.54817131586374,0.26573505381191187,12.880148757536485
0.7539469111832842,0.5142203473595027,0.9875721865292083,0.8649476666196073,0.38480527393391906,0.5908087369387188,0.6422493469358942,0.3583741386613941,0.4163646462863588,0.5142184658288654,0.7040168984750099,0.6914730831685952,2.6783747528946624,0.0,0.49757179469076585,0.4861864092064413,0.21712647557186768,0.2796655323354996,-0.5401669726066289,-9.905988774357601,9.346327661677291,-3.4768426998023156,3.3624121011014734,31.304927986444508,460.76343547018445,136.87255365715805,17.14112538830852,29.776886772804193,268.2594005930523,106.33715758260378,1.1013364162666064,51.60610350183711,1.0727516944366289,-8.79659700649534,0.49894630754022135,494.7929610279582,3.345555987009159,2.526233761649122,1.1696753741880543,1.6477721688788043,9.134859149957856,-8.735402428692197,100.30630471618187,-7.87969500141203,188.6328367692742,-4.796844111832816,2.927878424173931,1.7008313329567886,3.743429469076531,5.452059093476631,-6.526828579497317,2.7467410336064506,391.17461522170015,862.0977478113527,-6.277081332956625,2.576769274216349,6.955420785088458,12.152403981926023,15.427299844675833,13.554609573567214,-9.78671279299633,3.143214487432977,2.541512990680626,21.446198107878992,267.522115927704,-7.218598206721245,-3.185631177633422,-7.098489127365151,4.767766873764439,40.65092029087922,1.2086515108726845,39.506946484044086,4.695872634848929,-3.334580626941542,3.0560696131036797,2.4394496611127,2.3903406523580673,4.7733175656594415,11.57401863880245,-4.574943518780006,-93.23810929115753,3.2458871081615333,3.623396992375129,3.055532229596236,-0.9868695283818187,12.635886755154,13.675455379835947,2.334181022310054,-1.266450155323355,1.3393056340017042,-2.1957709686529108,3.3549159841852636,3.3322370093192313,-1.3540313470770968,40.783993575261896,2.991908006212832,3.026506989550908,9.099110773792503,-2.9227594606043246,52.20528381813153,391.7969853148828,-6.197790172267721,87.89219147133578,90.5460674950579,129.11649251623834,147.72218299915278,3.263763767297276,2.5655641061846697,5.768777887602244,12.56285618469327,5.893007977972348,28.002189783598876,19.69560843011955,19.51719747246512,3.5548573849195555,-1.0264716887884409,-1.7336486162101066,0.3143077520474639,13.182618610562137,-8.606537701214346,29.023931798928746,449.9247140638493,25.16711981078757,8.350269697825775,13.552001553233547,2.4847024145719914,3.260660830273897,3.2870220276756346,2.6760314882800693,2.836320954532627,2.5366354843264163,-3.610420785088958,-5.247740751200226,2.6996407794408603,2.7559091005364675,52.54039995763892,2.6463852019204896,-3.550033182716701,13.513279087828204,37.08523722112375,-3.6081262355266874,4.914977407511883,-2.87319966111268,-3.057328438294267,286.4695449731783,2.925019133013136,-11.416866704320814,19.727435752613268,1.4215662948320267,-5.951990963004801,27.239490963004638,10.624667819824802,10.617189000282925,47.51334015814705,5.1275607173116065,51.76895156735612,37.09576743857658,2.680320883930986,3.0919168314036507,3.9512309375887966,3.793490539395651,32.8380763935469,18.339873618808852,0.6731855408076814,0.15331121152216887,1.2108867551539113,322.8491139508503,75.69780535159508,-0.026192812764756452,3.745060364303891,-3.7704589099124064,0.5223316153628953,13.64614656876554,-13.116786571589815,5.7126870940412315,0.7958909912454109,0.8866845523863316,5.205009708052388,13.819472587990239,1.0372070036712793,1.9780782264896921,18.300361832814463,6.587307963852035,4.835883785787419,13.096699262188087,1.0966534877153347,-109.4620163795538,4.097968794126012,4.823213781417679,27.63308645461931,19.550248879161046,0.2768991810223101,11.844676645015532
0.7010663868259595,0.43062985146916527,0.9871128834355484,0.8234894091055862,0.3354007910881507,0.5510124959638353,0.589902163383919,0.3535525185663539,0.3989870842751059,0.4306287051985801,0.6280704391346447,0.7028413626089773,2.3698740716822733,0.0,0.44444773974814267,0.46048684210526347,0.18167872134323645,0.2656051824346151,-2.744604455925086,-11.874339683564736,9.110647400710345,-3.087019696480465,3.0328382305456825,41.37278010978366,489.14265418147767,146.28729415563575,20.772797868905933,30.015491873856316,264.01189861155854,122.84662576687117,1.0762591217307094,46.52285437520144,0.9996545043590545,-8.92072973845657,0.5334255731352945,509.5891185017759,3.0999257345818902,2.669023248304798,1.0005876654827062,1.2373232160154983,6.99801097836617,-7.371012269938665,108.31143041653213,-7.166128511462706,242.8324184694866,-4.0647400710364865,3.502952857604165,1.7053454956409486,3.727901194704536,5.451172102034252,-6.281885695834679,2.730771714562478,408.9127365192146,809.4670649015176,-5.3479528576040885,2.1448773006134805,6.727187600904214,12.452131094607553,12.876477236034908,11.324848240232495,-8.852114949951567,2.923886018727816,2.5158572812398696,22.16926057474968,261.84145947691314,-8.063811753309723,-3.2406264126573885,-6.334517274782047,4.67610590894413,40.39873264449462,0.8423732644494669,38.979475298675915,4.225046819502708,-3.871165644171779,3.106401356151094,2.1502776880852417,2.384562479819221,4.302244107200475,7.963658379076507,-3.6490151759767517,-92.73334517274763,3.0639764288020515,3.9120697449144313,3.033990636099471,-0.6529334840167884,10.728446884081487,12.113921536971183,2.418132063287041,-2.8382305456893766,1.14096222150469,-1.7474168550210143,3.258432353890849,3.167896351307727,2.089602841459477,40.354329996771156,3.0941007426541822,2.3503907006780635,9.43439941879225,-2.02566677429772,54.969460768485526,409.49112043913465,-5.115272844688408,75.60962221504683,64.12673555053277,110.24346141427188,137.8887633193413,3.3020374556022034,2.538442040684518,4.3735259928963615,12.128422667097118,5.977646109137854,37.125406845334304,23.65182434614149,18.561144656119115,3.908421052631586,-0.9130723280594182,-1.7471141427187762,0.09979334840167864,12.102035841136503,-8.214078140135616,29.920440749111805,452.0225540845922,25.689730384242853,8.563705198579314,12.991708104617254,2.269328382305463,3.5164013561511323,3.0415789473684396,2.5595624798192,2.9996206005812174,2.528442040684542,-2.0159832095576364,-4.723280594123345,2.6744497901194872,2.732610590894419,62.24531320632863,2.6854698094930067,-2.300276073619628,12.95310946076843,34.347416855020896,-2.8871488537294154,3.7444688408137354,-2.811430416532128,-2.806264126574104,283.9593396835624,2.941263965127535,-10.53697126251211,20.088440426218778,0.8476735550532755,-5.810784630287375,23.53154665805625,9.56705844365522,9.825403616402932,42.54270261543422,4.012261866322255,46.68545043590519,34.56130125928321,2.8347336131740506,3.5121698417823777,3.316391669357466,2.763157894736842,43.08827252179524,22.261268969971013,0.6976105908944139,0.17194058766548273,1.219244430093639,341.6950920245363,69.51231514368757,0.6037084275104919,5.1406635453665945,-4.536144656118838,3.346443332257021,17.010453664836923,-13.646792056829133,6.6919599612528256,0.7776880852437843,0.8803680981595092,6.428716499838567,17.14191152728453,0.9982240878269293,1.888763319341298,18.006906683887625,6.517347432999739,5.9628317726832405,16.362721989021637,1.0311591863093317,-97.8971585405231,3.9824717468517905,2.7541168873103,36.65954794962876,23.512011624152446,1.3180497255408459,11.811591863093316
0.6841650312288371,0.4400376476785302,0.9850142147641097,0.8174238768906521,0.3117934908571007,0.5391847317330105,0.4738909850252098,0.3410273910753267,0.34852941530589254,0.4400358717736445,0.6274089848747104,0.6836316502370381,2.663842937768085,0.3460844683572834,0.4459896229964611,0.4350927308300103,0.1610897734968748,0.305218812551734,1.2783414854390749,-6.529942809842599,7.7980592971631415,-4.122432086688239,2.01789525171197,67.97953194371284,435.74731733013084,163.787636391001,46.40031830837538,36.32827822509855,243.81410188877828,-63.900519226427875,0.9346588908119466,43.57995183986725,0.7460328090902374,-10.250884189931522,0.4514643690270091,486.27323350139216,2.9716938821581764,2.739757694333766,-0.8195963578899675,-0.2293972458424264,-10.968899089472458,5.610013545037308,93.7404620362706,-3.847317330122658,280.8289562796298,-2.8630446233727143,0.591565956806374,1.4516856046354163,3.604250131687928,5.063451726992471,-8.54368274512755,2.9816592670630206,392.7950718639474,766.191963277899,-0.944148543908504,0.4000075250206891,6.06720746482086,12.124072541199588,16.321526074196488,19.69149296410602,-6.4480397321092635,2.72170592219133,3.580305515840213,27.8486342087439,215.31213785837912,-13.745609150425466,-6.060144480397399,-3.920460531266461,6.100918052524652,39.671240123410215,-0.5081300323575898,37.2209361125743,2.8061885770186326,-7.163970200918053,2.7997253367446704,3.419859282112991,3.084997366242824,2.8712920460531848,9.8762284596284,-2.9481526074196704,-92.45981488449365,2.6552562269545934,2.7027902776733215,3.1994823538264545,0.8013402061855474,15.23473173301186,15.855241176913326,2.93211076830463,-7.21626909474001,-0.4247663481074636,-0.39020242305668923,2.6943652645044684,2.711833847543054,-4.6196854541349985,37.49548574008597,2.769903679735114,2.8615050041387495,6.9980969222665586,-0.14946271352246274,47.03633606742353,393.29264805478215,1.93453231996388,-91.30897734968771,-87.7774098878772,-40.602302656332306,-24.964030401083605,2.7535119271577786,3.3129452930995296,-1.5169553766272499,11.742466701783473,5.530808187222563,18.441106930544006,39.63560839792297,17.323974715930422,2.5332282338776997,-0.43057114907065847,-1.482131988862952,1.3508510798404598,15.379056362404697,-7.789826172021973,30.058026939574486,427.5122883587949,22.106807886221578,7.669151930167751,10.058701933930143,3.168510045902599,2.7086718338475104,2.9224877718413707,3.345616675445842,7.664948453608164,3.488150349913502,-2.418315900368726,-4.062307171344721,2.8493687260139176,2.980140341635938,76.42370833019797,-3.425201294303491,1.4768071337195943,10.026150199412958,25.69960117390308,-0.9534201219053352,2.595056813906246,-2.0129430355933478,-6.031906087741741,258.49948754608806,3.0336840996312984,-12.770261118218075,24.61915117766593,-0.47795394687334913,-6.415907893746708,21.46757468583054,7.9334261419218945,8.884432989690819,34.958296335315616,2.860867634885969,43.717191662276214,25.710798404695392,2.997225524870178,2.928405448114976,2.5811016630295796,2.8610881179923244,65.19821732259739,45.23677477613065,0.7681541124238092,0.15682143125893597,1.2007675521107684,270.9784107156219,43.50339002182279,-0.1914982316201383,7.187855369102302,-7.3685868011138735,-1.46118293325305,13.701925652795405,-15.16664609827673,5.670930845059824,1.070735194521785,1.5314169613966437,8.808588306117842,23.33747460305518,0.9632026488072842,2.9466476032809092,17.691605086913754,6.2332673639852905,46.757112649559666,47.85709233200407,1.0139965384904808,-102.46429377680789,2.9274399879599744,4.762736097524268,56.389634283994596,53.010866129881734,0.2906162991948228,11.895402212356084
0.757027725785586,0.5688170661188464,0.9853145476679737,0.8766002739100613,0.38375799284790296,0.6146977098075003,0.5305650460321097,0.4163143346267968,0.40074853534200855,0.5688160617819359,0.7359022901924974,0.6771270942707158,2.5048437343072814,0.33955990260974456,0.4958227421441068,0.4744846306018406,0.15847951761394152,0.3853945674503524,-0.5381952370083123,-8.436401886935961,7.878826751883088,-3.246366887316442,3.8505919500874417,55.06931446397322,434.1259073271121,163.78612188997897,38.74616297648927,36.877957937051505,240.44720383473918,-24.8325344289736,1.0486624058434308,47.97668036217054,0.7712927033401766,-10.25245377767633,0.44576999163052694,469.6123411702047,2.6352758122194815,3.930712927033338,-0.4406730579015634,-0.3911390093585968,-10.7527330137716,5.537110248801715,87.18108498820665,-5.850642927794263,203.01186943620178,-3.6861447158183065,2.368325344289737,1.526350909229212,3.6664254736361364,5.200254127672631,-9.560906946663623,3.1020330213801843,375.3956585254741,748.9936087651221,-1.2853967891653268,1.7327254051586283,7.137473940500453,12.04538157193943,15.367722742144004,16.053611047706468,-7.94483755611352,2.8663562352583045,3.6083671916609603,24.25905044510397,189.77417636764818,-6.706964924294403,-2.8928981206726725,-6.445103857566766,4.728859468918834,38.96492885946859,0.4033158335235479,36.494003652134175,5.383519744350621,-7.224225823632352,3.2346823404093565,3.4062816708513695,4.883647569048124,5.469892718557447,9.2778437190901,-3.9801415202008674,-84.90809252073669,2.6502701057597395,2.2507076010043723,3.136074488320863,-0.7698911968348192,16.14125009510812,16.725275051358093,2.4232321387810893,-7.163509092292475,2.4112987902306164,-2.0289431636614212,2.493612569428593,2.520852164650359,-5.181998021760633,37.4344472342689,3.2570197063075215,3.9453572243780313,7.188653275507775,-0.3000593471810104,44.340582819751546,376.1815415049836,-5.160465647112531,-77.0107281442593,-78.48938598493494,-45.056608080346955,-31.031195313094422,2.785328311648779,3.367152857034174,-1.8144114737882997,11.638044586472082,5.00497907631455,50.641451833815,41.90978542078814,17.886489385985023,3.011220421517115,2.639385984934949,-1.5655017119379466,-0.571698242410406,14.807098075021134,1.3015293312029217,29.25588602297823,410.8157498288026,22.644881686069354,7.87572776382872,9.99609145552749,3.794225823632328,2.5991714220497704,2.5699939131096676,3.5998546754926877,2.5015407441223885,3.470013695503293,-3.4038651753785283,-5.917218291105532,2.910461081944796,3.030730883359988,65.92629840980014,-1.0667199269573235,-2.554437343072405,9.952904968424138,34.776702427147605,-2.5404397778285017,5.1160001521722025,-2.8535342007152096,-5.5345050597276115,261.98711100966756,3.031359430875666,-12.851099444571254,21.198310887926112,0.870137715894386,-7.435745263638439,22.197983717568377,8.149182834969208,8.457817088944767,37.367222095412025,5.400535646351611,48.15826904055413,34.787613178117766,4.286021456288425,2.000021304116286,2.0235920261736253,2.801339115879175,57.950693197382634,42.49530512859542,0.7508940120216084,0.15163965609069466,1.2422582363235182,268.8636003956415,62.29189682720923,0.046068629688807004,3.630842273453577,-3.5935532222475484,0.583083009967278,12.061884653427901,-11.47237997413054,3.6356996119607397,0.5202008673818763,0.017271551396180477,7.880999847816154,48.37708872317724,0.9589895762002587,3.00106520581298,18.4362938446321,6.198644906033601,7.309265712981268,47.340260234362866,1.0082933881153466,-114.93167465571027,3.0578939359355215,2.8092520733470288,50.06972302541458,41.713894384416164,0.2775622004108651,10.881457810241193
0.6673083340391357,0.409168586431778,0.9880317015329952,0.8082112560345485,0.3048317354111959,0.5041696281866712,0.427861023121879,0.3422304988566106,0.3635360972304564,0.4091669179300439,0.59847153383586,0.6873342932158907,2.7746923774032513,0.2789614381299218,0.42344810705514024,0.4270150334547313,0.1351396544422795,0.2859577115270586,1.1394672651816558,-6.852357076310519,7.98194630304049,-3.0621665113915473,1.9013703735072587,80.61793851105277,466.4610824087496,174.92427373591994,45.20133480138879,35.161777547217994,258.04313542813355,-110.38426357245702,1.030097399847541,45.22822647581948,0.7057991022274921,-10.06462268146015,0.4981689675616077,507.19869568899804,3.1805234183111835,3.160628440755481,-0.8517981705767937,-0.6175065639027658,-1.2020250698738368,3.219225035995642,102.02346065893114,-5.217836876429237,240.99695096129415,-1.105107139832303,0.9278080799525692,1.4714432116541336,3.5467248242567893,5.025789785720429,-8.54382993139663,3.005692385872826,407.37484966547004,715.8396713813839,-0.30329380875751183,0.7406614720081315,6.004032353688466,11.271229778944436,16.151952231727034,15.975122385025754,-8.4408401795545,3.075539086982267,2.857276192089411,26.847531125603695,245.17917337172864,-14.34605742356224,-6.243473363259082,-4.651901414415177,6.036054882696683,39.28686372490933,-0.6203701194206793,37.312256288642175,2.646879817057728,-6.708562717032269,2.9378512746676,2.6141178961632914,2.7364470229525186,2.700998560176204,9.307749640043962,-2.0370119420682644,-94.15163970525887,3.0139146269161876,3.248490725840679,3.248162869484195,1.1469585838909349,15.442470568307622,15.77164478699073,2.9438731261116065,-5.661133226052342,0.06565511984416066,-0.32456170068603024,3.0474091640552055,3.283204878461915,-2.529431693063437,37.81623104937746,2.9062318963326943,3.1199576522401764,7.026597780977329,-0.20151774371135686,51.689602778012954,407.68891335648345,-3.8572033539425763,-141.11061234860676,-134.1255187600576,-64.71838739730669,-38.400440416701954,3.2155196070127716,2.7174870839332907,-1.6761184043364272,11.146771406792508,5.751338189209812,27.129039552807733,51.75658507664964,17.748769374100096,2.3536791733717304,-0.761466079444403,-1.500723299737424,-1.1434462606928202,13.911982722113839,-7.171593122723808,30.346635893961356,446.0038112983791,22.57491996273426,7.84146184466831,10.629701024815592,2.8302549335140204,3.176894215296006,3.1396197171169655,2.8170161768442785,3.76840010163464,2.8774760735157088,2.5261285677987635,-2.9311425425594986,2.910909545185119,3.0943136275090835,56.39135597526919,1.8343355636486947,1.436320826628298,10.602641653256299,29.222647581942883,-1.9312272380791056,2.4374277970695566,-2.8709240281189126,-4.9435080884221225,274.66698738036484,3.0226574913186712,-10.987210976539341,23.294994494792228,-0.47333022783094525,-5.70542898280681,23.763589396120842,8.21210298975186,8.416723130346384,35.719996612178726,2.6914779368171513,45.34297365969283,29.234716693486998,3.253961209452035,3.6907639535869032,3.077633607182148,2.8861692216481747,77.59758448378065,43.451664266960194,0.715423054120437,0.16464809011603287,1.218260354027272,290.8764885237636,42.9935741509272,-0.14231303464046885,7.657848733801946,-7.799511306851801,-1.2832311340730362,14.50511899720533,-15.781457609892156,6.722622173287033,0.9849241975099517,1.5241805708478022,8.006782417210108,21.287642923689354,0.9773862962649276,2.94698060472601,17.979711188278024,6.398891335648326,50.46860675870269,39.98789701024819,1.0229524858135004,-95.89455407808927,3.0061861607521103,5.846955196070128,69.59083509782334,49.35359532480718,0.28347590412467183,12.905987973236217
0.694231126817996,0.46000193693081454,0.9869135449232331,0.8323475397580471,0.3361533845317376,0.5568251461193434,0.47121158760364196,0.3589957795297026,0.39031362647818696,0.45999936794889135,0.6445761655566135,0.6879958746771776,2.49230432921027,0.3098372502378685,0.4604439173576184,0.456428326763626,0.16546393910561358,0.29092971319831473,3.2804444746499417,-6.8706001087398505,10.140721761587548,-3.29774364550768,2.512781704499092,98.76172352861221,511.1229441348142,197.716868288709,43.26580399619381,33.91605815323254,277.0499524262582,-58.158488514340085,1.067883716188652,44.91045670789828,0.665891667799392,-10.471863531330705,0.6088254723392574,551.7333831724887,3.0105770014951783,2.3702929183090657,-0.5163260840016468,0.3217364414842985,-3.5822312083729364,0.5033274432512993,120.88222101400027,-6.849870871279054,211.95460106021477,-2.8608807938018215,-0.9653479679217157,1.6223644148429692,3.344554845725195,4.984774364550875,-8.527388881337501,2.988263558515744,435.339507271988,768.8456571972272,0.18358230256897928,-0.030358841919260245,6.777013048796789,13.98281160799244,17.72023311132257,14.96544923202403,-8.40716324588827,3.1013103167052174,2.9227681120022133,26.797940736713837,283.66854696207696,-20.10935367677072,-10.00493339676485,-4.775791762946853,6.215862443930929,39.77268791627027,-2.283438901726228,37.92551583525912,3.4998470844093412,-6.956571972271306,3.0351304879706484,2.8990485252140457,2.8666793529972066,3.567178877259695,9.484144352317516,-1.1008563273073264,-88.20848171809307,2.886357210819693,3.2402460241946778,3.119234606497215,1.8889452222373078,15.758879298627866,16.125010194372738,3.3291633818132476,-5.888609487562865,0.3244270762539056,2.465536224004381,3.0313028408318794,3.124039690091084,-3.6961397308685604,37.81475873317938,2.9610228353948354,3.1660894386298613,7.218389289112414,-0.34061166236237883,60.66948484436343,435.7884327851026,-3.838181323909202,-184.63823569389697,-146.53024330569525,-61.216324588826964,-27.85619138235694,2.696762946853344,3.2496221285849933,0.2656402066059617,11.87140614380842,5.652312763354668,36.366345840130435,46.663315660685356,17.99239635721067,2.1501039826016424,-1.1111655566127518,-1.6555993611526583,-1.5282547233926989,15.644571836346048,-8.151556340899823,79.75903017534345,485.4178197634915,22.777464999318806,7.8552718499387915,10.478445697974518,2.7435789044446848,3.0393230936523112,2.959686692945499,3.0282261791491325,3.862997825200439,2.8607278782112116,-1.4611934212314803,1.2012369172216937,2.823719450863201,3.052378279189872,62.62196615468284,1.0675139323093583,3.1765040097866257,10.444779801549338,24.67866657604991,-2.7685877395677587,3.2715162430337985,-3.038398803860269,-5.944746499932037,307.7992225091686,2.9916559739025543,-11.87053146663042,23.778564632323153,-2.241136332744324,-6.425105341851298,15.192517330433434,8.78960649721358,9.241969552807019,35.912178877259215,3.5342836754112303,45.05260975941422,24.68955416610012,2.4519382900638695,3.633713470164407,2.7525567486747087,2.9113089574554847,99.36540715062584,41.63214382816745,0.7208101128177247,0.19117846948484438,1.1878483077341309,313.15246024193897,55.72222441212537,-0.6141953241810649,9.285177382085122,-9.898650944678575,-3.896192061981821,16.150301073807466,-20.03937270626611,8.71231480222917,0.6969552806850619,2.8420551855375833,7.681823681348541,20.438777868406817,1.0383988038602692,1.8481038466766344,23.046154682615573,6.031921299442759,62.999097335508615,39.18992659053828,2.0315345929047166,-105.12994427076254,2.9892347424221666,7.878415114856599,91.6835787112561,45.58987221315929,0.28693761043903765,14.925717004213674
0.6878684233520836,0.4360652940855238,0.9862901862268907,0.8238346076128955,0.31605599366501175,0.49975929222871485,0.46838131177980574,0.32998871170334626,0.3481685107312533,0.4360636065752843,0.628517415761021,0.6887274479820865,2.648574337829708,0.29585616296214906,0.44610368084757784,0.4304431052372874,0.1569562831085105,0.28381412265851114,-0.7325776855442294,-8.50038992955078,7.737907814974791,-1.3035880072087815,1.960657528261664,44.03156572552018,409.10799519415207,150.40318933973828,37.41970345693861,34.875556559809304,221.01115176670123,-47.202828900660805,1.0615645786685544,39.82795805799689,0.8331898858609683,-8.360439080334226,0.3736848342526299,437.5372726776255,2.835018295013935,2.6308819835072876,-0.4695441537873225,-0.3140123423078978,-6.119442957784865,3.335110589263372,84.98121347823712,-4.82245644694446,266.6314783463492,-2.972093277265032,1.201524220413967,1.5243012396920388,3.73268690950795,5.264582491398554,-7.948118617224619,3.0720856315875964,363.6555605919946,758.4048932335754,-0.23693026049915875,0.9724635465020723,5.722898257877379,10.368231664027176,16.078794167440247,20.236719458249862,-6.114139042105838,3.1211566817759975,3.1760990661351096,25.38252416580193,188.39361585931954,-13.242543279995328,-5.364061493091735,-5.712850199333734,5.4765714597782775,40.08899787013261,0.12577030200426154,37.18686144940253,2.714331822401855,-6.501665665446999,3.155372180656356,3.0554939653760496,3.139870023483127,2.784123750750922,11.41625252580402,-3.1335809076511385,-91.27413085030905,2.9641696248157365,2.528057997924685,3.2525349789743343,0.38276063568347246,14.530380645514283,14.924892687455294,2.719260553765506,-6.493910764021626,0.4717874501665708,-0.3326961935448421,2.9150472393643607,2.9645459013708275,-4.197695374365136,37.303839222325855,3.0776445852220022,3.545369996177219,7.117464365681804,-0.23369941565179364,39.61163453661809,364.2513789525422,-2.6955382010813174,-28.883239582764457,-24.495767571405167,2.1069302604991536,17.266451859537984,2.8121659112009447,3.2809715471574425,-1.6404287040576266,11.874365135710645,5.252569493746966,22.838273432379324,46.861983832204416,17.82403200262143,3.0439599148053675,-0.7412577139424563,-1.5595524548085766,-0.811851346185358,16.634460706678595,-6.852274589044836,27.644125935229898,388.0089782098241,22.912198132269026,8.013429086341617,10.356304953306832,3.2221336901316366,2.796123641526947,2.782268581726842,3.3270842662880082,3.5562039211402547,3.373683032057248,-2.5466113265250394,-4.978428267161815,2.9198464311069516,3.020326852711559,61.80677570859126,-1.0223253781880148,-0.7432395827644429,10.321408989132419,27.09140407405362,1.9990169843263612,2.5759319534705627,-0.8107148708426629,-5.21926710720332,239.25946261811086,3.0290880345148907,-11.927966795915024,22.01717546829793,0.34046365572606196,-6.51783081208017,23.289438042707143,7.711585385833679,7.802091092785823,35.59149145322451,2.847958604117741,39.9750051881371,27.102670525913073,2.853884550270349,2.8650658074381425,2.7382141881929134,2.8474141226585115,42.711169434127214,36.58292549705014,0.762820162743706,0.1515482496859811,1.2296979957402654,258.2457976079951,45.28171754682996,-0.28345311561356934,7.351754682977476,-7.6344601605592,0.4476172792310426,15.846908415706409,-15.372367975534086,4.582709846540331,1.0182404019441866,1.8304297962973077,9.209020100502519,23.961027965916596,0.9439134946207198,2.9937196220850857,17.92557479110917,6.429854732128204,19.87292986672491,29.22850120166056,0.9789743869805035,-97.11015236742941,3.1397733602752065,2.7021462508874445,33.50217609788076,42.778162551889714,0.2872590246300038,9.746054284309977
0.6854988515682822,0.4326014015806352,0.9855692146209292,0.8145365090145565,0.3056511484317099,0.4996529883921982,0.4917842306742433,0.3276497838972633,0.3490138182267204,0.43259960484070015,0.6239836379352934,0.6891492405532225,2.5018029883921873,0.23707293158803996,0.44315569893801016,0.42667728451469505,0.17303285996541934,0.2875775623610761,-0.7762027661150753,-8.814873425537103,8.049269572734012,-2.115707582119042,1.9838182267226074,47.0710669301062,428.0982279575283,152.78486663373877,33.89366016300259,32.786386659257396,237.62993949122918,-37.74524573968881,1.097310447023939,46.45547666090224,0.8405563102000554,-8.351136082983453,0.4192265374166433,462.6324401086688,3.289692516670805,2.9934638182266182,-0.17484366510249372,-0.4483483576191589,-4.437403062484548,3.0781371943689995,92.9364040503828,-5.744072610521116,243.5805754507286,-3.7633983699678932,1.7762645097554208,1.6004846875772123,3.68710792788355,5.295092615460589,-7.832612990861941,2.8934860459373315,377.3065182761276,785.5219189923438,-1.2886169424549296,1.3115300074092555,7.498591010125415,10.80620647073341,16.031074339342812,19.48013460113552,-7.82267226475673,3.276823907137557,2.9716676957273016,24.7040442084463,217.7683996048407,-10.456429365275593,-4.5818121758459895,-6.592121511484317,5.250253148925649,39.43100642133873,0.30157384539392473,37.69641886885595,2.7523190911336517,-5.296678192146209,3.310027784638169,2.9364151642380687,3.258825635959557,2.8168881205236107,10.639250432205671,-3.945356878241541,-92.59992961224683,3.237374042973678,2.836537416646013,3.1539677080760593,0.5636027414176288,14.057748826870013,14.687577796987306,2.756931958508306,-5.272536428747839,0.09332612990862241,-1.1056742405532745,3.233872561126207,3.407138182267279,-3.748394665349469,37.851807853791584,3.222382687083238,3.205329093603361,7.380335885404021,-0.5735212398122923,44.238557051122214,377.7991479377624,-3.5656334897505557,0.7883428006915287,1.6712768584835762,58.44628303284762,88.85638429241789,3.2855735984193553,2.9539040503828096,0.1157736478142766,12.249132501852072,5.255710669301128,30.751215114843152,40.54737589528272,18.158683625586637,3.104534452951326,-0.47879167695726016,-1.6235729192393573,-1.460680414917266,18.39108730550758,-6.836379352926649,26.834866016299962,412.0239688812048,23.117433934306103,7.973021116325072,10.639019510990204,2.9067868609533125,2.8681001481847495,3.240890343294654,3.0475790318597835,2.4305414917263772,2.87655779204749,-3.327611755989133,-5.003334156581872,2.8679214003457334,2.975630279081221,60.474167078291686,2.1134909854285224,-1.3597351197826002,10.606734996295147,30.011447270931182,-0.5416769572734008,3.0161928871326555,2.6601630032106693,-3.3316250926154605,255.70072178316178,2.9784555445789738,-11.411583106939986,21.06065077797004,0.42134724623364167,-6.575203754013336,22.40599530748363,8.256655964435941,8.47219375154373,37.867485798962534,3.2778223018029937,46.59182761175453,30.023197085700453,3.3038552729067545,2.455114225734765,2.8189546801679617,2.907816744875278,47.154034946900374,33.81764015806354,0.7204247962459867,0.15071622622869846,1.1946159545566806,274.33676216348994,55.92298283526794,-0.12879661644850918,5.524125710051822,-5.64223882440121,0.6459131884415963,14.334104717214007,-13.691508397134557,4.540380340824895,0.9868486045937268,1.8524944430723636,7.109801802914286,18.92674117065937,0.9602370955791554,2.9991355890343296,17.8778951592983,6.329307853791041,16.402827858730504,25.80185230921224,0.9814769078784885,-98.41757224005927,3.3175228451469114,3.6960360582859964,40.04426031118791,39.31662756236091,0.2759323289701161,10.714188688565077
0.7306020118815847,0.46663525535420036,0.984852773201557,0.8399412410763186,0.3577305376666149,0.5620432080275546,0.6288391942489165,0.34446010683440514,0.3892320453297323,0.46663369776845853,0.6645582147671042,0.6918483750187195,2.4699715441066346,0.0,0.4785468074484539,0.4701081623483601,0.21054967799909502,0.2765618541261029,-0.7407283710249033,-9.593597423993023,8.844076181918009,-2.162348360041935,3.1849797813388387,27.166641705356696,442.11763266936515,131.9744745644252,17.66068893215508,27.69699863544842,250.94469072936536,122.56776995656732,1.203339324047728,51.9508312116227,1.0658419449852705,-8.510658479356996,0.45073745694173983,478.2859068443912,3.77587739004544,2.543410713394212,0.9113181069342525,1.3254830013479642,7.852501123258971,-7.317950177225306,98.07103988817333,-7.322949428386002,222.36678148869254,-4.672457690579602,2.602117717537859,1.7925425590335198,3.6771144725677027,5.477386550846238,-7.237781438769907,2.7387149917628264,376.03376915781644,819.3790624531975,-5.296173930407837,2.1642204582896816,8.100384404173335,10.810310518695774,14.403950376915633,13.806473466128102,-8.936698117917228,3.6273386251310478,2.543067744995297,22.268349058958453,239.93065748090459,-7.113172582497369,-3.094115620787653,-7.509759872198093,4.774170036443535,41.1519889171791,1.3143442663871097,40.14614247915724,4.440392391792705,-1.9393440167740004,3.4667380560132943,2.2954335779541672,2.5007468423942902,4.519347012131201,11.080610054415867,-4.77564774599371,-92.06180570116356,3.695928311117595,3.1538031051870705,3.06727127951669,-0.3462992361839163,12.67821127252698,12.924926364135498,2.256798961609505,-3.771154710199191,0.9082577005641214,-2.0039189256652645,3.8994583395736484,3.623888472867102,-2.151864609854725,41.72477110478789,3.361535120563133,2.576389596125959,8.72427487394536,-2.034684239428898,47.12370775298104,376.6976186910289,-6.087763965852928,100.17797414008287,103.87374569417403,145.39054465578354,161.97543807098995,3.4393809595127918,2.7649977534820467,5.4452907992612,13.48391642953379,5.314675253357121,23.90606060606061,20.72276471469212,19.839938095951087,4.140618042034805,-0.5297623683290978,-1.8238301133243935,0.5014886925265908,13.683120163745889,-8.053866506914282,27.8506604762623,423.91885577356095,26.30886575807424,8.609815785532271,14.966951724826304,2.353501073336331,3.1032519594628174,3.7162023863012217,2.6089041984923824,2.533148619639521,2.4351595027707265,-4.084918376516399,-6.501023413708752,2.693711796715097,2.7644426638709714,58.80299835255429,7.458943637361856,-2.876255304278298,14.927474414657121,34.042214567420714,-3.350107333632869,4.151267036094054,-1.891568069492287,0.18251709849732914,269.06419300086066,2.917029354500441,-12.296490439818282,20.280814737157044,1.4502036842892854,-5.9616095052668365,24.516444511007702,9.736430532674436,9.591253556986821,46.5871648944144,4.434448604662777,52.11676301732402,34.053167590235354,2.724995756577288,3.2143312865059315,3.4586431031899574,3.85337726523888,28.444492037342176,18.746273276421494,0.682691827667116,0.1410314013279417,1.254405671209625,309.39227697069794,70.71234137087339,0.00999151315461048,3.784156557336124,-3.773367779941026,0.7489531226598969,13.373081224102615,-12.617443961859367,4.6323698267685085,0.7714542459188258,0.8399480804752634,4.751552593480109,12.765703160101909,1.0182217562777696,1.9791323448654585,18.20738205781071,6.542538065997696,4.5384014777095425,12.439648544755705,1.044530976985672,-107.0354949827767,4.07243223004347,3.7596225849932603,23.692939943088135,20.69557685587323,0.284509011032899,10.764864460086866
0.7441785217182628,0.5822610751139887,0.9721906407487301,0.8677155267578573,0.39316877849771925,0.6429334773218126,0.6318006479481648,0.4579173746100311,0.47060119990400745,0.582260739140869,0.7476825053995659,0.6783711783057345,2.5200239260859143,0.15696837053035592,0.43911759059275307,0.4347515238780893,0.2351054475641959,0.40121118310535175,-3.00316534677226,-13.727283417326666,10.725149988000924,-5.042236621070314,4.481161507079459,47.467482601391886,507.6966642668584,145.07353011759028,19.877912167026903,28.469810175186048,301.2850011999035,164.35781137509,0.9351178305735545,51.67396448284134,0.9733669306455517,-9.928245740340772,0.72166090712743,579.0832733381329,3.4194360451164005,3.40322294216462,0.4708322534197282,0.014686825053995666,1.175759539236866,0.6259851211903015,126.22726181905448,-8.12862970962323,165.09551235901128,-5.039116870650348,3.633578113750911,1.8817830573554126,3.4530741540676795,5.3528125749940525,-5.5673146148308135,2.7280417566594792,464.0771970242482,806.1017518598512,-5.027225821934279,3.146313894888416,7.562987760979165,13.586522678185743,11.42966642668582,11.875975521958129,-8.504919606431486,3.199150467962571,2.6232469402447682,21.901463882889484,325.99640028797694,-12.272618190544756,-4.137518598512149,-6.416606671466282,5.83263738900888,41.99197744180481,0.9772426205903579,39.26399088072953,6.28314134869209,-7.935445164386849,3.221679865610743,2.609052075833924,2.5574802015839024,6.371473482121418,7.611447084233282,-5.30381569474442,-91.72120710343191,3.192721382289422,3.2235253179745764,3.011899928005778,-1.4798728101751863,13.314806815454617,12.477856971442225,2.4642308615310835,-6.865130789536837,0.9772210223182058,-3.814758819294461,3.5979361651068045,3.82400287976962,-4.455483561315095,39.855927525797895,3.0883657307415544,3.1004847612191186,9.011262299016085,-1.9238660907127436,75.79008399328065,464.7811375089993,-6.6949844012479005,53.66186705063595,58.94168466522678,145.99616030717542,163.4576433885289,3.1377105831533574,2.809702423806089,6.055735541156706,12.802553395728303,5.596553875690027,37.01393037214898,19.61286914765909,19.124756419486612,2.9201487880969625,-0.8485073194144476,-1.9276916246700224,1.1435421166306652,11.85728821694266,-9.524118070554355,31.596906647468078,495.5715142788579,24.27669066474694,8.235497960163153,13.936997840172895,2.6453947684185306,3.123419726421879,3.352673386129115,2.754485241180706,3.1905687544996253,2.9195176385889194,-3.896328293736501,-6.294696424286057,2.721140868730491,2.8219068874490043,65.43180705543584,-0.5955123590112849,-3.42131509479241,13.892831773458221,36.3529637628989,-4.193424526037917,5.406753059755224,-4.1703863690904726,-6.811855051595872,322.2726781857433,2.8922795776338144,1.2536597072234221,20.098488120950414,0.06285337173026176,-3.093832493400528,20.738804895608244,12.380741540676762,11.516861051115985,51.31365490760727,2.9019750419966432,51.919580033598194,36.46496280297587,3.500813534917217,2.49632349412046,3.3536117110631194,2.6695464362850974,48.229663865546286,19.394645858343257,1.7177825773938085,0.17998560115190784,1.16006719462443,360.57636189104954,74.91098152147795,1.8449244060475172,9.693006959443238,-7.837170626349908,4.846369090472776,23.415553155747464,-18.56232061435086,5.710823134149268,0.8022558195344373,1.3909287257019438,4.849757503001198,12.677911164465755,1.0412766978641708,2.049196064314855,18.168989680825465,6.608161747060244,11.215644657863134,18.707034813925603,1.109191264698824,-116.61291096712263,3.812032637389016,4.819054475641948,43.37983433373348,20.620432172869133,0.2790976721862251,17.836093112550994
0.7128876089605394,0.49214054738025775,0.9797882182022608,0.8376804386540389,0.34755792482894393,0.5855883869153591,0.555867054081921,0.3780014996719475,0.41673285218858425,0.49213889774111613,0.6774089980316822,0.6893224013497045,2.393508594994859,0.10002645046395987,0.4142931858655903,0.450780363670447,0.1968696691348749,0.34449899709438675,-3.248591245664987,-13.994589933451952,10.634975161683286,-4.225700627987628,3.7531896147717534,52.112569125503796,495.8908801199823,154.71533414565707,24.490387102821007,28.90776969100519,282.92376042740557,25.70109663511107,1.133792482894383,48.187758927735565,0.8426075545974283,-9.939263286156153,0.6137593963820475,555.2755647202174,3.536011809916524,2.592997469303562,1.726126066173005,0.867801106008062,7.259254850501493,-5.094697722373243,111.42506326741025,-7.239291405005155,187.39572593495174,-4.433967569594151,2.673743556097134,1.7115259162058434,3.4499971881150633,5.179385134501836,-3.327584590870747,2.9644324678976863,442.0340725466364,871.4245008904302,-2.7858468460024186,1.8857887337144887,7.318678414096823,14.481416252694588,13.046109288593145,13.928511575592687,-8.757615521604649,3.448365357578055,2.8833152122973402,22.626619177054934,293.33536413909457,-16.00701940200577,-6.0516046489830755,-2.5899334520573625,6.027603336770034,40.46786671665583,0.4630284000374924,38.95514200018749,5.254582435092389,-5.968413159621333,3.3355665948073963,3.0291151935514393,2.875481300965428,5.331159433873905,9.10813572031115,-4.612709719748805,-96.61843284281919,3.251640266191736,2.772783766051171,3.046220264317215,-0.5106945355703443,13.693476427031957,13.238659668197604,2.758163839160172,-5.799700065610648,1.6058243509232357,-2.7995782172647576,3.6006354859874414,3.7640069359827364,-4.1058206017433685,39.37126534820528,3.2759368263192488,2.8606636048364247,8.133649826600392,-1.570455525353841,65.19911519355121,442.6235823413628,-5.047145936826319,-15.760239947511481,2.9600712344174713,73.57981066641672,91.02483831661824,3.085285406317333,3.3065545037023516,3.1037182491329647,12.97837285593793,5.354302183897324,31.611891055690975,23.215141571348326,18.934972349798382,2.574811135064195,-0.557204049114264,-1.7503002155778629,-2.296240509888481,12.243975067953771,-8.765676258318493,29.82495172930878,525.4538944605878,24.412564439028742,8.178113225232066,10.76125316337037,2.9583906645421605,2.7089980316805575,3.4781338457211883,3.074613365826215,3.5163979754428363,3.10944418408471,-3.4119411378760898,-5.590402099540725,2.8015622832505036,3.0023517668010125,68.85200768581824,4.50224013497038,0.39826694160652193,10.722964663979601,34.64094104414672,-3.41016027743931,5.450830443340507,-3.8676539506982848,-4.850501452807198,302.7860952291693,2.9153616083981855,-7.4345299465741865,20.445299465742394,0.03625925578779617,1.9134876745711875,21.869256725091713,11.008445027650135,10.403037772987222,46.53881338457174,5.636508576248883,48.348818071048285,34.65108257568681,2.7877617396194645,2.530553941325303,2.580440528634392,2.7631455619083325,50.122711419463506,23.588280517532393,1.7769237979192052,0.18680288686849753,1.2545693129627893,340.5275845908666,68.45571187552812,1.0218117911707165,10.743203674196282,-9.710252132346092,4.268812447277141,24.63075077326809,-20.34522729402912,5.685724997656763,0.9693504545880589,1.5546911613084637,4.952943933995863,13.978342396399745,1.019589464804574,1.982285125128878,17.916761645889714,6.413972256069079,18.510770673167084,24.26843240202522,1.0623301152872808,-101.46452338550942,3.626606054925489,4.822757521792108,45.169742171385515,25.5193980873806,0.2913112756584497,15.91611210047802
