,A,C,D,E,F,G,H,I,K,L,M,N,P,Q,R,S,T,V,W,Y
ASA,28.01722809085551,18.7692817679558,71.5107253492314,90.64259406729046,35.30974249630966,27.723589152968277,62.174817898022894,28.322103580197567,102.25925508536655,31.304927986444508,41.37278010978366,67.97953194371284,55.06931446397322,80.61793851105277,98.76172352861221,44.03156572552018,47.0710669301062,27.166641705356696,47.467482601391886,52.112569125503796
ASA_PER,25.193325021534303,13.294061878452917,49.582321585130416,51.91089488353596,17.677210103329625,34.74865249712126,34.235385758882195,15.354979158339523,49.82073420859927,17.14112538830852,20.772797868905933,46.40031830837538,38.74616297648927,45.20133480138879,43.26580399619381,37.41970345693861,33.89366016300259,17.66068893215508,19.877912167026903,24.490387102821007
residue_depth,3.6588833476900953,3.9989038674033153,2.7583458998187362,2.758824905434946,4.043701820567503,3.2720154957594545,3.299304296120125,4.1913926797236165,2.7530405138897147,4.097968794126012,3.9824717468517905,2.9274399879599744,3.0578939359355215,3.0061861607521103,2.9892347424221666,3.1397733602752065,3.3175228451469114,4.07243223004347,3.812032637389016,3.626606054925489
contact_count,1.2330325973613818,1.2534806629834254,1.240808930972003,1.2042604021501095,1.251517139576841,1.282431159040938,1.2317526386204847,1.224576029235425,1.2434777708908549,1.2108867551539113,1.219244430093639,1.2007675521107684,1.2422582363235182,1.218260354027272,1.1878483077341309,1.2296979957402654,1.1946159545566806,1.254405671209625,1.16006719462443,1.2545693129627893
hb_donor,0.8502969578818516,1.3575690607734807,0.7170495061078964,0.7836452319331078,0.8395112350336231,0.7790283739922521,1.7397056637431247,0.8598184206018387,1.5537273905448807,0.8866845523863316,0.8803680981595092,1.5314169613966437,0.017271551396180477,1.5241805708478022,2.8420551855375833,1.8304297962973077,1.8524944430723636,0.8399480804752634,1.3909287257019438,1.5546911613084637
hb_acceptor,0.7493766151335177,0.8316022099447514,1.6993395289029165,1.3419271351781803,0.7786616368705921,0.5871636477855722,0.9774044893711907,0.8145948723805173,0.6303600608553558,0.7958909912454109,0.7776880852437843,1.070735194521785,0.5202008673818763,0.9849241975099517,0.6969552806850619,1.0182404019441866,0.9868486045937268,0.7714542459188258,0.8022558195344373,0.9693504545880589
all_abs,29.186356381773024,19.464660773480638,65.19730360065468,83.34911905235951,35.96040839757253,28.468029319371947,63.0903731232345,29.633924166286057,101.31739588616503,32.8380763935469,43.08827252179524,65.19821732259739,57.950693197382634,77.59758448378065,99.36540715062584,42.711169434127214,47.154034946900374,28.444492037342176,48.229663865546286,50.122711419463506
all_real,26.908342779415104,14.384287292817657,46.415355389291456,48.38810969540134,18.022248646875695,35.262020942408405,34.499777017987405,16.89118318867069,50.48324034939425,18.339873618808852,22.261268969971013,45.23677477613065,42.49530512859542,43.451664266960194,41.63214382816745,36.58292549705014,33.81764015806354,18.746273276421494,19.394645858343257,23.588280517532393
sc_abs,21.863509408297478,14.026468508287323,56.5985515548281,74.69360292653809,30.87995735607674,15.8061403141362,56.27121599524283,25.39386534947476,92.25427500704484,27.63308645461931,36.65954794962876,56.389634283994596,50.06972302541458,69.59083509782334,91.6835787112561,33.50217609788076,40.04426031118791,23.692939943088135,43.37983433373348,45.169742171385515
sc_real,31.30062117433646,14.369149171270683,55.08282090250165,55.44165837149063,18.822437264228373,48.07895287958109,38.277003121748216,18.385312928277827,56.54817131586374,19.550248879161046,23.512011624152446,53.010866129881734,41.713894384416164,49.35359532480718,45.58987221315929,42.778162551889714,39.31662756236091,20.69557685587323,20.620432172869133,25.5193980873806
mc_abs,7.322829743822306,5.43807071823204,8.598757306523211,8.655537029663497,5.080502706248958,12.661931937172712,6.819210643674739,4.240034833257211,9.063086503240362,5.205009708052388,6.428716499838567,8.808588306117842,7.880999847816154,8.006782417210108,7.681823681348541,9.209020100502519,7.109801802914286,4.751552593480109,4.849757503001198,4.952943933995863
mc_real,18.98277941509866,14.394917127071837,22.80405073649753,23.065468843320776,14.341290798753525,26.52226178010461,19.018076408503106,11.377609639104664,24.129084249084226,13.819472587990239,17.14191152728453,23.33747460305518,48.37708872317724,21.287642923689354,20.438777868406817,23.961027965916596,18.92674117065937,12.765703160101909,12.677911164465755,13.978342396399745
Non_polar_abs,22.411901609612272,14.426483977900553,23.420163081599252,34.802364125025015,31.239708873216294,17.393772251308953,38.30355136019011,25.59004225673836,62.820786136940235,28.002189783598876,37.125406845334304,18.441106930544006,50.641451833815,27.129039552807733,36.366345840130435,22.838273432379324,30.751215114843152,23.90606060606061,37.01393037214898,31.611891055690975
Non_polar_real,31.299641804579238,14.645878453038662,47.41148585457095,57.637985267767945,18.96639330818447,45.94299476439755,39.43316485803486,18.41378483325731,53.94445195829818,19.69560843011955,23.65182434614149,39.63560839792297,41.90978542078814,51.75658507664964,46.663315660685356,46.861983832204416,40.54737589528272,20.72276471469212,19.61286914765909,23.215141571348326
polar_abs,6.774498299705286,5.038008839778993,41.77714577975213,48.54673103722888,4.72072904707233,11.074275916230322,24.78694960606509,4.0438784833257255,38.49659171597633,4.835883785787419,5.9628317726832405,46.757112649559666,7.309265712981268,50.46860675870269,62.999097335508615,19.87292986672491,16.402827858730504,4.5384014777095425,11.215644657863134,18.510770673167084
polar_real,18.34009975062347,13.651801104972341,45.85772153378548,43.38540215010951,13.56351484336558,25.81250785340319,28.909989594172693,11.060495660118852,45.71191321499033,13.096699262188087,16.362721989021637,47.85709233200407,47.340260234362866,39.98789701024819,39.18992659053828,29.22850120166056,25.80185230921224,12.439648544755705,18.707034813925603,24.26843240202522
