AA, KABAT, JORES, SCHNEIDER, SHENKIN, GERSTEIN, TAYLOR_GAPS, TAYLOR_NO_GAPS, VELIBIL, KARLIN, ARMON, THOMPSON, NOT_LANCET, MIRNY, WILLIAMSON, LANDGRAF, SANDER, VALDAR, SMERFS
V1,0.4375,0.9999,0.4286,0.66,0.4285,0.0,0.0,0.1,0.2657,0.5658,0.5023,0.1577,0.817,0.4849,0.7017,0.1485,0.1518,0.3301
I2,0.2917,0.9998,0.2857,0.4976,0.2857,0.0,0.0,0.0,0.1922,0.3194,0.3254,0.2061,0.4742,0.2959,0.5805,0.2101,0.1865,0.3925
N3,0.9917,1.0,0.8765,0.9547,0.8765,0.0,0.9474,0.3,0.6104,0.921,0.5026,0.4675,0.8625,0.5438,0.7946,0.2801,0.4855,0.505
T4,0.7292,0.9999,0.3875,0.6178,0.3875,0.0,0.7368,0.0,0.2579,0.5916,0.3648,0.2559,0.5874,0.4079,0.6303,0.2437,0.2538,0.5064
F5,0.2917,0.9998,0.2857,0.4976,0.2857,0.0,0.0,0.0,0.1479,0.3211,0.2949,0.1784,0.4314,0.3542,0.5829,0.1849,0.1695,0.4657
D6,0.875,1.0,0.5277,0.7488,0.5277,0.0,0.7895,0.1,0.3659,0.6974,0.4309,0.3167,0.4742,0.3977,0.7136,0.2605,0.3218,0.4775
G7,0.875,1.0,0.5277,0.7488,0.5277,0.0,0.0,0.1,0.274,0.6663,0.4219,0.26,0.5874,0.4007,0.6586,0.2353,0.2784,0.4536
V8,0.4375,0.9999,0.4286,0.66,0.4285,0.0,0.0,0.0,0.2444,0.539,0.4853,0.1438,0.6332,0.4517,0.5979,0.1401,0.1499,0.3953
A9,0.7292,1.0,0.7143,0.8761,0.7143,0.0,0.7895,0.1,0.246,0.8185,0.8042,0.0304,0.6819,0.7851,0.7806,0.0224,0.0179,0.369
D10,0.7292,1.0,0.7143,0.8761,0.7143,0.0,0.5263,0.1,0.2385,0.7777,0.8035,0.0346,0.6819,0.786,0.847,0.0028,0.0,0.2693
Y11,0.6562,0.9999,0.2446,0.4419,0.2446,0.0,0.0,0.1,0.2728,0.4296,0.3495,0.3444,0.4989,0.2106,0.6376,0.3529,0.31,0.8212
L12,0.6562,0.9999,0.2446,0.4419,0.2446,0.0,0.0,0.0,0.1552,0.3033,0.2681,0.2863,0.3151,0.1494,0.5743,0.3053,0.2528,0.9443
Q13,0.6562,0.9999,0.2446,0.4419,0.2446,0.0,0.0,0.0,0.2213,0.3183,0.3128,0.3264,0.2724,0.1505,0.6167,0.3137,0.2683,0.9944
T14,0.1458,0.9997,0.1429,0.2831,0.1429,0.0,0.0,0.0,0.1425,0.0857,0.2508,0.2766,0.2724,0.1462,0.5575,0.2745,0.2353,0.9972
Y15,0.7292,1.0,0.3464,0.5721,0.3464,0.0,0.0,0.0,0.1857,0.5106,0.1878,0.3015,0.2724,0.1795,0.5869,0.2913,0.2429,0.9377
H16,0.1458,0.9997,0.1429,0.2831,0.1429,0.0,0.0,0.0,0.2099,0.2065,0.3227,0.3181,0.159,0.1998,0.6396,0.3361,0.3085,0.9401
K17,0.9115,1.0,0.55,0.7666,0.5499,0.0,0.6842,0.1,0.541,0.7229,0.537,0.4993,0.4989,0.2692,0.7851,0.437,0.5081,0.9396
L18,0.6562,0.9999,0.2446,0.4419,0.2446,0.0,0.0,0.0,0.131,0.2724,0.2268,0.2683,0.6123,0.192,0.577,0.3109,0.2731,0.9736
P19,0.9965,1.0,0.9321,0.9765,0.9321,0.0,0.8421,0.2,0.7875,0.921,0.6817,0.8299,0.9244,0.5177,0.9146,0.5882,0.6669,0.9428
D20,0.7292,0.9999,0.3875,0.6178,0.3875,0.0,0.7895,0.1,0.2961,0.5704,0.3884,0.2725,0.4742,0.3995,0.6689,0.2605,0.244,0.9201
N21,0.8021,1.0,0.5303,0.751,0.5303,0.0,0.0,0.1,0.2323,0.681,0.4661,0.1383,0.5904,0.4649,0.5946,0.1317,0.1154,0.8362
Y22,0.875,1.0,0.6321,0.8257,0.6321,0.0,0.0,0.1,0.2905,0.8296,0.48,0.1826,0.5904,0.5061,0.7073,0.1681,0.1419,0.7982
I23,0.4375,0.9999,0.4286,0.66,0.4285,0.0,0.0,0.1,0.1859,0.5306,0.4475,0.1176,0.3639,0.4678,0.594,0.1204,0.0923,0.608
T24,0.8021,1.0,0.5303,0.751,0.5303,0.0,0.0,0.1,0.2757,0.7026,0.4989,0.1632,0.5904,0.4911,0.6124,0.1373,0.135,0.5645
K25,0.4375,0.9999,0.4286,0.66,0.4285,0.0,0.0,0.0,0.2202,0.4482,0.4334,0.1342,0.3639,0.4539,0.559,0.1036,0.0734,0.5268
S26,0.8021,1.0,0.5303,0.751,0.5303,0.0,0.0,0.0,0.246,0.6726,0.5002,0.1521,0.4771,0.4642,0.6497,0.1317,0.1213,0.4739
E27,0.4375,0.9999,0.4286,0.66,0.4285,0.0,0.0,0.0,0.1999,0.4987,0.4665,0.1231,0.4771,0.4314,0.5594,0.1261,0.0931,0.4494
A28,0.5833,0.9999,0.5714,0.7829,0.5714,0.0,0.0,0.0,0.2406,0.6705,0.6191,0.0775,0.5229,0.6194,0.7053,0.0532,0.038,0.3629
Q29,0.7292,1.0,0.7143,0.8761,0.7143,0.0,0.7368,0.0,0.2486,0.8167,0.8057,0.0373,0.6819,0.8081,0.8153,0.0224,0.0168,0.2739
A30,0.7292,1.0,0.7143,0.8761,0.7143,0.0,0.9474,0.2,0.2681,0.8352,0.7998,0.0387,0.6819,0.7755,0.7526,0.0252,0.0205,0.1793
L31,0.9479,1.0,0.816,0.9283,0.816,0.0,0.0,0.2,0.2916,0.921,0.8183,0.0498,0.7952,0.7827,0.8311,0.0392,0.0373,0.349
G32,0.875,1.0,0.6732,0.8519,0.6732,0.0,0.7895,0.1,0.275,0.8107,0.667,0.1079,0.6362,0.6463,0.7324,0.084,0.0938,0.4128
W33,0.875,1.0,0.6732,0.8519,0.6732,0.0,0.5263,0.1,0.2627,0.7843,0.6051,0.0913,0.6362,0.6587,0.6013,0.0616,0.0587,0.4664
V34,0.875,1.0,0.6732,0.8519,0.6732,0.0,0.0,0.2,0.2405,0.8056,0.6802,0.083,0.6362,0.6279,0.7122,0.0756,0.0672,0.5199
A35,0.875,1.0,0.6732,0.8519,0.6732,0.0,0.7368,0.1,0.2829,0.8412,0.6526,0.101,0.6362,0.6634,0.6475,0.0784,0.1009,0.5476
S36,0.5833,0.9999,0.5714,0.7829,0.5714,0.0,0.0,0.0,0.2161,0.6518,0.6446,0.065,0.5229,0.6194,0.666,0.0476,0.0417,0.5312
K37,0.5833,0.9999,0.5714,0.7829,0.5714,0.0,0.5789,0.0,0.2551,0.6847,0.628,0.0871,0.5229,0.6197,0.6049,0.0672,0.0596,0.5327
G38,0.9722,1.0,0.8134,0.927,0.8134,0.0,0.9474,0.3,0.3625,0.921,0.709,0.1577,0.7923,0.6897,0.7949,0.1092,0.1365,0.462
N39,0.5833,0.9999,0.5714,0.7829,0.5714,0.0,0.0,0.0,0.2122,0.6625,0.63,0.0636,0.6362,0.609,0.6228,0.0616,0.051,0.4478
L40,0.875,1.0,0.6732,0.8519,0.6732,0.0,0.0,0.0,0.261,0.8064,0.6203,0.0941,0.6362,0.6543,0.6282,0.0672,0.0672,0.5607
A41,0.6562,0.9999,0.2037,0.3816,0.2035,0.0,0.0,0.5,0.305,0.7761,0.3622,0.4813,0.7654,0.068,0.4823,0.4986,0.5575,0.6183
D42,0.9333,1.0,0.5908,0.7971,0.5908,0.8947,0.8947,0.7,0.6133,0.9382,0.6092,0.722,0.7654,0.2323,0.595,0.6078,0.751,0.6173
V43,0.9115,1.0,0.5089,0.7333,0.5089,0.0,0.0,0.7,0.5059,0.9397,0.5382,0.5699,0.6577,0.1236,0.668,0.5574,0.6474,0.6654
A44,0.9479,1.0,0.816,0.9283,0.816,0.0,0.9474,0.3,0.2916,0.921,0.8063,0.0498,0.7952,0.8077,0.6621,0.028,0.0575,0.6758
P45,0.7292,1.0,0.7143,0.8761,0.7143,0.0,0.6316,0.0,0.2449,0.8038,0.8168,0.0346,0.6819,0.7966,0.7659,0.0224,0.0207,0.661
G46,0.9479,1.0,0.816,0.9283,0.816,0.0,0.9474,0.3,0.2916,0.921,0.8383,0.0609,0.7952,0.8077,0.8092,0.0364,0.0575,0.586
K47,0.8264,1.0,0.3437,0.569,0.3437,0.5789,0.5789,0.4,0.457,0.8576,0.5489,0.5463,0.4532,0.0821,0.5997,0.4986,0.553,0.6167
S48,0.9115,1.0,0.5089,0.7333,0.5089,0.6842,0.6842,0.4,0.4758,0.9251,0.5384,0.556,0.4532,0.1346,0.5191,0.5266,0.6202,0.6437
I49,0.9625,1.0,0.6926,0.8635,0.6925,0.0,0.0,0.9,0.882,0.9888,0.8561,0.7414,1.0,0.1995,0.9679,0.7087,0.9132,0.7959
G50,0.5833,0.9998,0.1018,0.2096,0.1018,0.0,0.0,0.5,0.1286,0.6175,0.224,0.3804,0.4532,0.0356,0.335,0.465,0.462,0.7514
G51,0.6562,0.9999,0.2037,0.3816,0.2035,0.0,0.0,0.3,0.2629,0.816,0.3493,0.4578,0.2694,0.1182,0.4543,0.4958,0.4933,0.5684
D52,0.5833,0.9998,0.1018,0.2096,0.1018,0.0,0.0,0.2,0.174,0.6401,0.2965,0.408,0.2694,0.0447,0.2465,0.4482,0.4525,0.3884
I53,0.8021,1.0,0.4483,0.6789,0.4482,0.0,0.0,0.0,0.3153,0.6846,0.3272,0.3596,0.6123,0.2388,0.2153,0.3894,0.4173,0.298
F54,0.7292,1.0,0.3464,0.5721,0.3464,0.0,0.0,0.0,0.2628,0.5319,0.288,0.3347,0.4989,0.2943,0.3361,0.3193,0.3599,0.2159
S55,0.9236,1.0,0.6706,0.8502,0.6705,0.0,0.9474,0.2,0.3778,0.8247,0.4935,0.2102,0.817,0.5464,0.6332,0.1597,0.2066,0.3697
N56,0.4375,0.9999,0.4286,0.66,0.4285,0.0,0.0,0.1,0.2507,0.5559,0.4622,0.1549,0.6332,0.5543,0.6189,0.1232,0.1367,0.4324
R57,0.9236,1.0,0.6706,0.8502,0.6705,0.0,0.8947,0.2,0.3625,0.8229,0.5185,0.2254,0.6332,0.5307,0.7191,0.1765,0.1992,0.4265
E58,0.5833,0.9999,0.5714,0.7829,0.5714,0.0,0.6842,0.0,0.2366,0.6819,0.6553,0.0761,0.5229,0.6433,0.7382,0.07,0.054,0.4079
G59,0.875,1.0,0.6732,0.8519,0.6732,0.0,0.7368,0.1,0.269,0.8292,0.6796,0.1134,0.7923,0.6863,0.8126,0.0784,0.0666,0.3625
K60,0.875,1.0,0.6732,0.8519,0.6732,0.0,0.8947,0.2,0.3017,0.8269,0.6369,0.112,0.6362,0.6481,0.7604,0.0784,0.0831,0.305
L61,0.9479,1.0,0.816,0.9283,0.816,0.0,0.0,0.2,0.2916,0.921,0.8183,0.0498,0.7952,0.7827,0.8311,0.0392,0.0373,0.2772
P62,0.9479,1.0,0.816,0.9283,0.816,0.0,0.8421,0.2,0.2916,0.921,0.8232,0.0775,0.7952,0.8536,0.8763,0.0392,0.0373,0.3003
G63,0.9479,1.0,0.816,0.9283,0.816,0.0,0.9474,0.3,0.2916,0.921,0.8383,0.0609,0.7952,0.8077,0.8687,0.0364,0.0373,0.2991
K64,0.9479,1.0,0.816,0.9283,0.816,0.0,0.9474,0.4,0.2916,0.921,0.8,0.0553,0.7952,0.8113,0.8073,0.0364,0.0373,0.2915
S65,0.7292,1.0,0.7143,0.8761,0.7143,0.0,0.8947,0.2,0.2672,0.8302,0.7972,0.0401,0.7952,0.8149,0.7582,0.0252,0.0205,0.2817
G66,0.9479,1.0,0.816,0.9283,0.816,0.0,0.9474,0.3,0.2916,0.921,0.8383,0.0609,0.7952,0.8077,0.8687,0.0364,0.0373,0.2817
R67,0.7292,1.0,0.7143,0.8761,0.7143,0.0,0.8947,0.2,0.2479,0.8111,0.8106,0.0346,0.6819,0.7767,0.8297,0.0196,0.0134,0.2898
T68,0.7292,1.0,0.7143,0.8761,0.7143,0.0,0.7895,0.1,0.2515,0.8272,0.7943,0.0346,0.7952,0.7887,0.7648,0.0196,0.0134,0.2991
W69,0.7292,1.0,0.7143,0.8761,0.7143,0.0,0.5263,0.1,0.2418,0.7843,0.7925,0.036,0.6819,0.7866,0.799,0.0168,0.0067,0.273
R70,0.8021,1.0,0.5303,0.751,0.5303,0.0,0.5789,0.0,0.24,0.6538,0.5245,0.1508,0.4771,0.4779,0.6994,0.1345,0.1516,0.353
E71,0.8021,1.0,0.5303,0.751,0.5303,0.0,0.0,0.0,0.2379,0.6653,0.489,0.1397,0.6332,0.4878,0.6342,0.1373,0.1294,0.4851
A72,0.8021,1.0,0.5303,0.751,0.5303,0.0,0.6842,0.0,0.2847,0.6942,0.4837,0.1674,0.4771,0.4893,0.5994,0.1457,0.1424,0.6681
D73,0.4375,0.9999,0.4286,0.66,0.4285,0.0,0.6842,0.0,0.257,0.55,0.4847,0.1549,0.4771,0.4826,0.6051,0.1457,0.1383,0.7726
I74,0.7292,0.9999,0.3875,0.6178,0.3875,0.0,0.0,0.0,0.2013,0.518,0.327,0.2088,0.4314,0.3261,0.5899,0.2241,0.212,0.8678
N75,0.9479,1.0,0.6929,0.8637,0.6928,0.0,0.6842,0.1,0.4838,0.825,0.4152,0.4564,0.658,0.4336,0.7818,0.3473,0.387,0.9163
Y76,0.8264,1.0,0.3849,0.6149,0.3848,0.0,0.0,0.0,0.2971,0.5356,0.2462,0.4053,0.4989,0.2481,0.6748,0.3697,0.3764,0.9339
T77,0.7292,0.9999,0.3875,0.6178,0.3875,0.0,0.6316,0.1,0.3055,0.566,0.4137,0.2683,0.4742,0.3671,0.711,0.2493,0.2299,0.891
S78,0.7292,0.9999,0.3875,0.6178,0.3875,0.0,0.7895,0.1,0.3099,0.5771,0.4084,0.2642,0.658,0.3791,0.6939,0.2465,0.2325,0.8685
G79,0.8021,1.0,0.5303,0.751,0.5303,0.0,0.0,0.1,0.1997,0.6287,0.5066,0.1286,0.4771,0.4624,0.6972,0.1064,0.0775,0.7053
F80,0.8264,1.0,0.3437,0.569,0.3437,0.0,0.0,0.3,0.2527,0.8165,0.1885,0.4467,0.4255,0.0912,0.3511,0.4258,0.4621,0.5008
R81,0.9625,1.0,0.6926,0.8635,0.6925,0.8947,0.8947,0.8,0.6458,0.9809,0.659,0.6763,0.6577,0.1972,0.7762,0.5714,0.7548,0.2711
N82,0.8264,1.0,0.3849,0.6149,0.3848,0.0,0.0,0.0,0.2756,0.5131,0.3344,0.3651,0.4285,0.2429,0.4302,0.3585,0.3882,0.1807
S83,0.875,1.0,0.4866,0.714,0.4866,0.0,0.0,0.0,0.2013,0.6667,0.2427,0.3043,0.4285,0.2044,0.2825,0.3165,0.3482,0.2059
D84,0.8264,1.0,0.3849,0.6149,0.3848,0.0,0.0,0.0,0.2121,0.4965,0.2425,0.3361,0.3151,0.2235,0.3248,0.3305,0.3396,0.1451
R85,0.8264,1.0,0.3849,0.6149,0.3848,0.0,0.7895,0.1,0.3658,0.5539,0.4155,0.3914,0.4989,0.2166,0.3923,0.3501,0.3818,0.1916
I86,0.875,1.0,0.5277,0.7488,0.5277,0.0,0.0,0.2,0.4628,0.7379,0.507,0.3292,0.8625,0.4152,0.4985,0.3137,0.3797,0.2905
L87,0.9917,1.0,0.8765,0.9547,0.8765,0.0,0.0,0.2,0.6104,0.921,0.5457,0.3983,0.8625,0.4152,0.5947,0.3922,0.4648,0.2941
Y88,0.2917,0.9998,0.2857,0.4976,0.2857,0.0,0.5263,0.1,0.2175,0.3267,0.3144,0.2199,0.4742,0.3499,0.1571,0.2017,0.1912,0.3026
S89,0.7292,0.9999,0.3875,0.6178,0.3875,0.0,0.6316,0.0,0.2459,0.5152,0.3654,0.2324,0.3181,0.3407,0.2949,0.2297,0.2137,0.3462
S90,0.7292,0.9999,0.3875,0.6178,0.3875,0.0,0.0,0.0,0.2086,0.5045,0.3501,0.2116,0.4742,0.2956,0.2368,0.2073,0.2109,0.4019
D91,0.8021,1.0,0.5303,0.751,0.5303,0.0,0.7368,0.0,0.2872,0.6868,0.5012,0.1853,0.6332,0.5541,0.3444,0.1541,0.1965,0.3163
W92,0.4375,0.9999,0.4286,0.66,0.4285,0.0,0.0,0.1,0.2491,0.5755,0.4667,0.1563,0.5904,0.5061,0.231,0.1148,0.1227,0.3058
L93,0.8021,1.0,0.5303,0.751,0.5303,0.0,0.0,0.0,0.1952,0.6427,0.4673,0.1189,0.4771,0.4529,0.0676,0.112,0.0979,0.2861
I94,0.7292,1.0,0.3464,0.5721,0.3464,0.0,0.0,0.1,0.3919,0.5804,0.3872,0.39,0.7035,0.259,0.5178,0.3613,0.4472,0.2753
Y95,0.2917,0.9998,0.2857,0.4976,0.2857,0.0,0.0,0.1,0.2443,0.4158,0.348,0.2351,0.4314,0.3425,0.6322,0.2297,0.2017,0.3399
K96,0.875,1.0,0.5277,0.7488,0.5277,0.0,0.6316,0.0,0.3591,0.685,0.4032,0.2988,0.4742,0.3967,0.6835,0.2661,0.2851,0.3125
T97,0.9236,1.0,0.6706,0.8502,0.6705,0.0,0.8947,0.2,0.3952,0.8302,0.5083,0.2282,0.817,0.5948,0.6424,0.1681,0.2332,0.2577
T98,0.6562,0.9999,0.2037,0.3816,0.2035,0.0,0.0,0.3,0.2072,0.725,0.3186,0.4232,0.5444,0.0351,0.3578,0.4734,0.4968,0.3639
D99,0.9115,1.0,0.55,0.7666,0.5499,0.0,0.8421,0.1,0.5186,0.7207,0.4897,0.5325,0.7035,0.3383,0.6795,0.465,0.5671,0.4141
H100,0.6562,0.9999,0.2446,0.4419,0.2446,0.0,0.0,0.0,0.1504,0.3029,0.196,0.2877,0.2724,0.1955,0.32,0.2997,0.2719,0.4703
Y101,0.6562,0.9999,0.2446,0.4419,0.2446,0.0,0.0,0.0,0.1967,0.2944,0.1581,0.3292,0.4989,0.1906,0.4066,0.3193,0.325,0.4912
Q102,0.6562,0.9999,0.2446,0.4419,0.2446,0.0,0.0,0.0,0.2301,0.3752,0.3081,0.3278,0.3857,0.1487,0.3132,0.3417,0.3116,0.4919
T103,0.1458,0.9997,0.1429,0.2831,0.1429,0.0,0.5789,0.0,0.222,0.2036,0.3206,0.3223,0.3151,0.1866,0.3825,0.3361,0.2994,0.5911
F104,0.8021,1.0,0.4892,0.7164,0.4892,0.0,0.0,0.0,0.2129,0.6755,0.3045,0.2282,0.4314,0.4133,0.3365,0.1933,0.1886,0.572
T105,0.7292,1.0,0.3464,0.5721,0.3464,0.0,0.6316,0.0,0.2564,0.5945,0.3194,0.3541,0.4285,0.2406,0.363,0.3669,0.4087,0.6669
K106,0.7778,0.9999,0.242,0.4381,0.2419,0.0,0.0,0.3,0.3538,0.809,0.4722,0.4965,0.2694,0.0883,0.5458,0.507,0.5604,0.4613
I107,0.6562,0.9999,0.2037,0.3816,0.2035,0.0,0.0,0.4,0.191,0.7377,0.1825,0.4191,0.4255,0.114,0.3735,0.4398,0.487,0.3221
R108,0.875,1.0,0.484,0.7117,0.4839,0.8947,0.8947,0.7,0.524,0.9382,0.5456,0.6335,0.7654,0.2323,0.7532,0.5966,0.7469,0.3277
A109,0.875,1.0,0.4866,0.714,0.4866,0.0,0.0,0.1,0.3743,0.692,0.3818,0.3873,0.9244,0.2354,0.4271,0.3725,0.475,0.3403
Q110,0.1458,0.9997,0.1429,0.2831,0.1429,0.0,0.0,0.0,0.1966,0.1788,0.2996,0.3029,0.6123,0.1671,0.2142,0.3277,0.321,0.17
V111,0.5833,0.9999,0.5714,0.7829,0.5714,0.0,0.0,0.0,0.2293,0.681,0.6346,0.0719,0.5229,0.5987,0.6289,0.0616,0.0473,0.1769
I112,0.5833,0.9999,0.5714,0.7829,0.5714,0.0,0.0,0.0,0.2444,0.6846,0.6423,0.0775,0.6362,0.619,0.6364,0.0728,0.0756,0.0668
N113,0.875,1.0,0.5277,0.7488,0.5277,0.0,0.7895,0.1,0.339,0.6827,0.4186,0.296,0.5874,0.3773,0.6547,0.2773,0.2496,0.6127
T114,0.2917,0.9998,0.2857,0.4976,0.2857,0.0,0.6316,0.1,0.2576,0.3731,0.3856,0.2407,0.4314,0.3565,0.6341,0.2353,0.2078,0.6959
F115,0.9479,1.0,0.6929,0.8637,0.6928,0.0,0.0,0.1,0.4495,0.8231,0.448,0.3873,0.658,0.4452,0.7733,0.3641,0.3593,0.6995
D116,0.875,1.0,0.4866,0.714,0.4866,0.0,0.8421,0.1,0.3407,0.6991,0.3345,0.4108,0.4285,0.312,0.7092,0.3641,0.3801,0.6861
G117,0.6562,0.9999,0.2446,0.4419,0.2446,0.0,0.0,0.0,0.1635,0.347,0.2861,0.2891,0.2724,0.1713,0.5861,0.3389,0.2898,0.6313
V118,0.6562,0.9999,0.2446,0.4419,0.2446,0.0,0.0,0.0,0.165,0.2928,0.2364,0.2849,0.3151,0.1312,0.5789,0.2941,0.273,0.9011
A119,0.875,1.0,0.4866,0.714,0.4866,0.0,0.9474,0.2,0.4687,0.733,0.4741,0.4343,0.4285,0.2837,0.722,0.3894,0.4583,0.9478
D120,0.9625,1.0,0.7337,0.8868,0.7336,0.0,0.8947,0.2,0.5658,0.815,0.5061,0.5754,0.7035,0.3287,0.7729,0.4482,0.5024,0.9574
Y121,0.8021,1.0,0.4892,0.7164,0.4892,0.0,0.0,0.1,0.1998,0.6528,0.3077,0.213,0.4314,0.3389,0.6814,0.2073,0.1482,0.5892
L122,0.9115,1.0,0.55,0.7666,0.5499,0.0,0.0,0.0,0.4452,0.6909,0.4239,0.4191,0.7035,0.2708,0.7514,0.4426,0.4814,0.6211
Q123,0.7292,1.0,0.3464,0.5721,0.3464,0.0,0.0,0.0,0.2753,0.5206,0.3275,0.3527,0.4989,0.1972,0.6162,0.3249,0.2936,0.7488
T124,0.8264,1.0,0.3849,0.6149,0.3848,0.0,0.0,0.0,0.2564,0.5251,0.2603,0.3375,0.3151,0.2202,0.6127,0.3137,0.3566,0.7666
Y125,0.8021,1.0,0.4892,0.7164,0.4892,0.0,0.0,0.0,0.3242,0.6738,0.3387,0.3057,0.658,0.4806,0.7341,0.2997,0.3309,0.7032
H126,0.875,1.0,0.5277,0.7488,0.5277,0.0,0.9474,0.3,0.401,0.7365,0.4348,0.3375,0.658,0.4867,0.7402,0.3165,0.375,0.6785
K127,0.7292,0.9999,0.3875,0.6178,0.3875,0.0,0.6842,0.1,0.3485,0.5857,0.4132,0.3001,0.4314,0.3757,0.6867,0.2717,0.3057,0.6172
L128,0.875,1.0,0.6321,0.8257,0.6321,0.0,0.0,0.0,0.2657,0.8075,0.488,0.1604,0.5904,0.4875,0.6557,0.1345,0.1302,0.5822
P129,0.9965,1.0,0.9321,0.9765,0.9321,0.0,0.8421,0.2,0.7875,0.921,0.6817,0.8299,0.9244,0.5177,0.8393,0.5882,0.6988,0.3823
D130,0.875,1.0,0.5277,0.7488,0.5277,0.0,0.9474,0.2,0.3862,0.7125,0.4172,0.3029,0.658,0.3821,0.3011,0.2549,0.3277,0.345
N131,0.7292,1.0,0.7143,0.8761,0.7143,0.0,0.9474,0.2,0.2614,0.8247,0.7973,0.0387,0.7952,0.7887,0.7796,0.0252,0.027,0.0786
Y132,0.7292,1.0,0.7143,0.8761,0.7143,0.0,0.4737,0.0,0.2427,0.8009,0.8081,0.0346,0.6819,0.806,0.8564,0.0084,0.0088,0.1766
I133,0.9479,1.0,0.816,0.9283,0.816,0.0,0.0,0.2,0.2916,0.921,0.8181,0.0498,0.7952,0.7827,0.8311,0.0364,0.0491,0.2916
T134,0.6562,0.9999,0.2446,0.4419,0.2446,0.0,0.0,0.0,0.1659,0.3051,0.217,0.2932,0.4989,0.2066,0.2391,0.2857,0.2927,0.3662
K135,0.8264,1.0,0.3437,0.569,0.3437,0.6316,0.6316,0.3,0.3401,0.851,0.3834,0.5145,0.3827,0.1503,0.4849,0.4986,0.4926,0.3764
S136,0.6562,0.9999,0.2037,0.3816,0.2035,0.0,0.0,0.3,0.1925,0.7275,0.2517,0.4357,0.4532,0.0698,0.4129,0.4818,0.4426,0.4465
E137,1.0,1.0,1.0,1.0,1.0,1.0,1.0,1.0,1.0,1.0,1.0,0.8645,1.0,0.3075,1.0,0.7059,1.0,0.6665
A138,0.9115,1.0,0.5089,0.7333,0.5089,0.7895,0.7895,0.8,0.4852,0.9538,0.5361,0.5657,0.4532,0.2165,0.6728,0.5518,0.7161,0.6935
Q139,0.0,0.9996,0.0,0.0,0.0,0.0,0.0,0.2,0.2003,0.5269,0.334,0.4301,0.34,0.0329,0.399,0.4622,0.4191,0.6728
A140,0.875,1.0,0.4072,0.6383,0.4071,0.0,0.0,0.4,0.3066,0.8252,0.2665,0.462,0.7654,0.1005,0.3363,0.3894,0.4842,0.7613
L141,0.0,0.9996,0.0,0.0,0.0,0.0,0.0,0.2,0.0,0.3062,0.1596,0.3209,0.1561,0.0,0.2477,0.4062,0.3525,0.9313
G142,0.6562,0.9999,0.2446,0.4419,0.2446,0.0,0.0,0.0,0.1484,0.3449,0.2632,0.278,0.4285,0.2115,0.2308,0.3221,0.3019,0.9293
W143,0.7292,0.9999,0.3875,0.6178,0.3875,0.0,0.0,0.1,0.2393,0.5217,0.346,0.2254,0.4742,0.3323,0.6775,0.1989,0.1717,0.7975
V144,0.8264,1.0,0.3849,0.6149,0.3848,0.0,0.0,0.1,0.5006,0.6415,0.5512,0.4537,0.9244,0.3052,0.8024,0.4762,0.4965,0.521
A145,0.5833,0.9998,0.1018,0.2096,0.1018,0.5789,0.5789,0.3,0.3171,0.6653,0.4583,0.4979,0.2694,0.0819,0.5921,0.5126,0.5501,0.204
S146,0.8264,1.0,0.3437,0.569,0.3437,0.6316,0.6316,0.4,0.3554,0.843,0.4311,0.5035,0.4532,0.1353,0.5596,0.5014,0.5217,0.2619
K147,0.5833,0.9998,0.1018,0.2096,0.1018,0.0,0.0,0.3,0.0954,0.5745,0.139,0.3707,0.2266,0.024,0.2681,0.4006,0.3431,0.3592
G148,0.7778,0.9999,0.242,0.4381,0.2419,0.0,0.0,0.3,0.1425,0.7398,0.242,0.4025,0.4532,0.1022,0.3318,0.4734,0.4955,0.4393
N149,0.5833,0.9998,0.1018,0.2096,0.1018,0.0,0.0,0.1,0.1136,0.555,0.1257,0.3859,0.2266,0.0372,0.3263,0.409,0.3702,0.4192
L150,0.5833,0.9998,0.1018,0.2096,0.1018,0.0,0.0,0.2,0.1112,0.5928,0.2578,0.379,0.4255,0.0043,0.2746,0.4258,0.4126,0.3711
A151,0.9333,1.0,0.5908,0.7971,0.5908,0.0,0.0,0.6,0.561,0.9128,0.5876,0.5961,0.7654,0.0918,0.736,0.6275,0.7171,0.3636
D152,0.6562,0.9999,0.2037,0.3816,0.2035,0.0,0.0,0.1,0.2187,0.7355,0.2756,0.4495,0.34,0.0832,0.4161,0.5042,0.5055,0.4896
V153,0.9479,1.0,0.816,0.9283,0.816,0.0,0.0,0.3,0.2916,0.921,0.8132,0.0498,0.7952,0.7827,0.8143,0.0336,0.0526,0.5224
A154,0.5833,0.9998,0.1018,0.2096,0.1018,0.0,0.0,0.2,0.1867,0.6268,0.3129,0.4191,0.0,0.0559,0.3947,0.4734,0.4458,0.4025
P155,0.7778,0.9999,0.242,0.4381,0.2419,0.0,0.0,0.4,0.2274,0.7716,0.2454,0.4357,0.2694,0.0762,0.3698,0.4454,0.5156,0.3202
G156,1.0,1.0,1.0,1.0,1.0,0.9474,0.9474,1.0,1.0,1.0,1.0,0.9322,1.0,0.287,1.0,0.7647,1.0,0.2015
K157,0.4375,0.9999,0.4286,0.66,0.4285,0.0,0.6842,0.1,0.2849,0.5593,0.4823,0.1715,0.4771,0.4589,0.6854,0.1401,0.1327,0.1886
S158,0.8021,1.0,0.5303,0.751,0.5303,0.0,0.5789,0.0,0.2948,0.6817,0.4894,0.1687,0.4771,0.4821,0.6716,0.1401,0.1399,0.3475
I159,0.4375,0.9999,0.4286,0.66,0.4285,0.0,0.0,0.1,0.1748,0.4528,0.4341,0.112,0.4771,0.4378,0.6619,0.084,0.0566,0.3157
G160,0.4375,0.9999,0.4286,0.66,0.4285,0.0,0.0,0.0,0.1828,0.4857,0.4559,0.1148,0.4771,0.4846,0.706,0.0896,0.0722,0.3068
G161,0.9844,1.0,0.8357,0.9372,0.8357,0.0,0.9474,0.3,0.4687,0.921,0.612,0.2932,0.817,0.5805,0.8425,0.2185,0.2628,0.219
D162,0.9722,1.0,0.8134,0.927,0.8134,0.0,1.0,0.4,0.3625,0.921,0.6609,0.1701,0.7923,0.6985,0.8144,0.1008,0.1059,0.1479
I163,0.875,1.0,0.6732,0.8519,0.6732,0.0,0.0,0.2,0.3153,0.8401,0.6708,0.1107,0.7923,0.6522,0.7886,0.0952,0.0781,0.2213
F164,0.875,1.0,0.6732,0.8519,0.6732,0.0,0.0,0.1,0.3013,0.8337,0.6604,0.1093,0.6362,0.6265,0.7959,0.0952,0.0781,0.2768
S165,0.5833,0.9999,0.5714,0.7829,0.5714,0.0,0.0,0.1,0.2562,0.7035,0.6375,0.083,0.6362,0.5958,0.692,0.0672,0.0507,0.3236
N166,0.875,1.0,0.6732,0.8519,0.6732,0.0,0.7895,0.1,0.2712,0.8185,0.6369,0.0996,0.6362,0.6668,0.7355,0.0728,0.0695,0.3236
R167,0.875,1.0,0.6732,0.8519,0.6732,0.0,0.7895,0.1,0.2814,0.8059,0.6395,0.1051,0.6362,0.6476,0.7462,0.084,0.062,0.2545
E168,0.5833,0.9999,0.5714,0.7829,0.5714,0.0,0.0,0.0,0.2293,0.681,0.6346,0.0719,0.5229,0.5987,0.711,0.0616,0.0371,0.1869
G169,0.9965,1.0,0.9321,0.9765,0.9321,0.0,0.9474,0.3,0.7875,0.921,0.709,0.6805,0.9244,0.3802,0.8294,0.5462,0.7626,0.3418
K170,0.7292,1.0,0.3464,0.5721,0.3464,0.0,0.0,0.0,0.1307,0.4714,0.188,0.2725,0.4285,0.1937,0.1759,0.3053,0.2992,0.3969
L171,0.6562,0.9999,0.2446,0.4419,0.2446,0.0,0.0,0.0,0.2313,0.3744,0.2852,0.3237,0.4285,0.1783,0.1737,0.3333,0.3514,0.3724
P172,0.9965,1.0,0.9321,0.9765,0.9321,0.0,0.8421,0.2,0.7875,0.921,0.6817,0.8299,0.9244,0.5177,0.8393,0.5882,0.7626,0.3544
G173,0.875,1.0,0.4866,0.714,0.4866,0.0,0.0,0.1,0.2244,0.6506,0.2896,0.3444,0.4285,0.2199,0.1189,0.3782,0.4221,0.3912
K174,0.6562,0.9999,0.2446,0.4419,0.2446,0.0,0.0,0.0,0.1226,0.3013,0.1941,0.2683,0.4285,0.2191,0.1563,0.2745,0.3024,0.3731
S175,0.875,1.0,0.4866,0.714,0.4866,0.0,0.7895,0.1,0.3914,0.7176,0.4269,0.4191,0.5845,0.2837,0.4862,0.4062,0.4986,0.3875
G176,0.9965,1.0,0.9321,0.9765,0.9321,0.0,0.9474,0.3,0.7875,0.921,0.709,0.6805,0.9244,0.3802,0.9093,0.5462,0.6669,0.7163
R177,0.875,1.0,0.4866,0.714,0.4866,0.0,0.0,0.0,0.3868,0.6839,0.4044,0.4219,0.7035,0.3069,0.7238,0.4034,0.4654,0.7829
T178,0.2917,0.9998,0.2857,0.4976,0.2857,0.0,0.0,0.0,0.1501,0.3069,0.3044,0.1798,0.2048,0.277,0.5611,0.1737,0.1281,0.8271
W179,0.7292,0.9999,0.3875,0.6178,0.3875,0.0,0.0,0.1,0.3085,0.607,0.3321,0.3084,0.658,0.4452,0.7364,0.2745,0.2282,0.749
R180,0.2917,0.9998,0.2857,0.4976,0.2857,0.0,0.0,0.0,0.1949,0.3773,0.3324,0.2116,0.3181,0.3509,0.6241,0.2073,0.1843,0.5214
E181,0.875,1.0,0.5277,0.7488,0.5277,0.0,0.6316,0.0,0.3454,0.6765,0.4076,0.2891,0.4742,0.3886,0.6908,0.2465,0.2464,0.3803
A182,0.9722,1.0,0.8134,0.927,0.8134,0.0,0.9474,0.3,0.3625,0.921,0.6514,0.1328,0.7923,0.6897,0.721,0.084,0.1219,0.1463
D183,0.9722,1.0,0.8134,0.927,0.8134,0.0,1.0,0.4,0.3625,0.921,0.6609,0.1701,0.7923,0.6985,0.8144,0.1008,0.1219,0.2072
I184,0.5833,0.9999,0.5714,0.7829,0.5714,0.0,0.0,0.1,0.2681,0.692,0.6539,0.0885,0.7923,0.6154,0.7301,0.0756,0.0766,0.2713
N185,0.5833,0.9999,0.5714,0.7829,0.5714,0.0,0.8421,0.2,0.2735,0.7313,0.6416,0.1024,0.6362,0.6595,0.7737,0.084,0.08,0.058
Y186,0.875,1.0,0.6732,0.8519,0.6732,0.0,0.0,0.2,0.3215,0.8356,0.6262,0.148,0.7923,0.7231,0.8419,0.1345,0.1154,0.0349
T187,0.5833,0.9999,0.5714,0.7829,0.5714,0.0,0.0,0.0,0.2198,0.6863,0.6493,0.0692,0.5229,0.6187,0.7362,0.0532,0.0478,0.1299
S188,0.875,1.0,0.6732,0.8519,0.6732,0.0,0.8947,0.2,0.3135,0.8302,0.6297,0.112,0.7923,0.7005,0.7014,0.0784,0.075,0.1568
G189,0.7292,0.9999,0.3875,0.6178,0.3875,0.0,0.0,0.0,0.1595,0.457,0.2948,0.1881,0.3181,0.3335,0.2827,0.1765,0.1294,0.2269
F190,0.7292,0.9999,0.3875,0.6178,0.3875,0.0,0.0,0.0,0.2008,0.4956,0.3071,0.2144,0.4314,0.3675,0.2941,0.1849,0.1657,0.327
R191,0.2917,0.9998,0.2857,0.4976,0.2857,0.0,0.0,0.0,0.1778,0.3021,0.3159,0.1964,0.4314,0.3081,0.1984,0.1849,0.1451,0.2669
N192,0.6562,0.9999,0.2446,0.4419,0.2446,0.0,0.0,0.0,0.2256,0.3336,0.3161,0.3126,0.7035,0.2091,0.3521,0.3529,0.3526,0.0688
S193,0.5833,0.9998,0.1018,0.2096,0.1018,0.0,0.0,0.3,0.2239,0.6094,0.3297,0.4343,0.4255,0.0439,0.4544,0.4734,0.4822,0.1189
D194,0.7778,0.9999,0.242,0.4381,0.2419,0.5789,0.5789,0.3,0.2358,0.7465,0.2685,0.4813,0.2694,0.1364,0.4984,0.5042,0.4824,0.0729
R195,0.9115,1.0,0.5089,0.7333,0.5089,0.5789,0.5789,0.4,0.5659,0.9173,0.632,0.6528,0.7654,0.2237,0.7607,0.6246,0.7876,0.2646
I196,0.6562,0.9999,0.2037,0.3816,0.2035,0.0,0.0,0.3,0.2184,0.7191,0.3285,0.4495,0.4255,0.0826,0.4915,0.5014,0.5216,0.3939
L197,0.9333,1.0,0.5908,0.7971,0.5908,0.0,0.0,0.5,0.4486,0.9186,0.4448,0.538,0.6577,0.1236,0.5818,0.5714,0.6673,0.428
Y198,0.7292,1.0,0.3464,0.5721,0.3464,0.0,0.0,0.0,0.3278,0.4982,0.2323,0.4301,0.7035,0.2642,0.6938,0.3782,0.4569,0.549
S199,0.7292,0.9999,0.3875,0.6178,0.3875,0.0,0.0,0.0,0.2362,0.5342,0.3753,0.2324,0.3181,0.3142,0.6505,0.2325,0.2209,0.6565
S200,0.7292,0.9999,0.3875,0.6178,0.3875,0.0,0.0,0.1,0.2569,0.5288,0.3582,0.2351,0.4742,0.3563,0.5981,0.2241,0.2225,0.6101
D201,0.2917,0.9998,0.2857,0.4976,0.2857,0.0,0.5789,0.0,0.2083,0.322,0.3821,0.2144,0.3181,0.3493,0.6327,0.2297,0.2368,0.5818
W202,0.9722,1.0,0.8134,0.927,0.8134,0.0,0.5263,0.4,0.3625,0.921,0.6146,0.2573,0.7923,0.7231,0.8796,0.2101,0.1519,0.2879
L203,0.875,1.0,0.5277,0.7488,0.5277,0.0,0.0,0.0,0.289,0.6609,0.3793,0.249,0.4742,0.3317,0.6619,0.2521,0.2358,0.4076
I204,0.8021,1.0,0.4892,0.7164,0.4892,0.0,0.0,0.0,0.1842,0.6319,0.3585,0.2102,0.4314,0.335,0.63,0.2325,0.2043,0.5394
Y205,0.875,1.0,0.5277,0.7488,0.5277,0.0,0.0,0.1,0.2821,0.6723,0.3388,0.2849,0.5874,0.376,0.6739,0.2689,0.2158,0.6214
K206,0.7292,0.9999,0.3875,0.6178,0.3875,0.0,0.6842,0.1,0.3017,0.5416,0.3972,0.2669,0.4314,0.3292,0.6263,0.2465,0.2171,0.7018
T207,0.8021,1.0,0.4892,0.7164,0.4892,0.0,0.5789,0.1,0.306,0.6844,0.4244,0.2614,0.4314,0.3506,0.6089,0.2437,0.2446,0.712
T208,0.7292,0.9999,0.3875,0.6178,0.3875,0.0,0.0,0.1,0.2257,0.5306,0.3519,0.2199,0.4742,0.3732,0.6166,0.2045,0.2012,0.6902
D209,0.8021,1.0,0.4892,0.7164,0.4892,0.0,0.0,0.0,0.3251,0.6546,0.3916,0.2586,0.658,0.3661,0.6653,0.2717,0.2543,0.7043
H210,0.2917,0.9998,0.2857,0.4976,0.2857,0.0,0.0,0.0,0.1422,0.3237,0.3028,0.1784,0.3181,0.3238,0.5711,0.1961,0.1464,0.7167
Y211,0.2917,0.9998,0.2857,0.4976,0.2857,0.0,0.0,0.0,0.1615,0.3108,0.2958,0.1867,0.3181,0.2974,0.5717,0.1905,0.1423,0.6938
Q212,0.7292,0.9999,0.3875,0.6178,0.3875,0.0,0.5789,0.0,0.2527,0.5131,0.3852,0.2476,0.3181,0.3267,0.6579,0.2465,0.2282,0.6781
T213,0.7292,0.9999,0.3875,0.6178,0.3875,0.0,0.8947,0.2,0.3232,0.5763,0.4001,0.2739,0.658,0.3821,0.6455,0.2465,0.2419,0.6473
F214,0.7292,0.9999,0.3875,0.6178,0.3875,0.0,0.0,0.0,0.1622,0.4313,0.3017,0.1895,0.3181,0.3185,0.5997,0.1793,0.1191,0.6406
T215,0.875,1.0,0.5277,0.7488,0.5277,0.0,0.0,0.0,0.309,0.6959,0.3777,0.2683,0.4742,0.3763,0.6282,0.2353,0.2644,0.6913
K216,0.7292,0.9999,0.3875,0.6178,0.3875,0.0,0.0,0.0,0.239,0.5101,0.2929,0.2324,0.4314,0.3824,0.6002,0.1793,0.1681,0.6993
I217,0.8021,1.0,0.5303,0.751,0.5303,0.0,0.0,0.2,0.3684,0.7379,0.5502,0.2019,0.817,0.5304,0.7714,0.1877,0.1724,0.6858
R218,0.875,0.0,0.8571,0.9466,0.8571,0.0,0.9474,0.3,0.2562,0.921,0.9425,0.0028,0.841,0.941,0.9072,0.0,0.0,0.6938
V219,0.875,0.0,0.8571,0.9466,0.8571,0.0,0.0,0.3,0.2562,0.921,0.9439,0.0,0.841,0.9267,0.8886,0.0,0.0,0.5877
I220,0.875,0.0,0.8571,0.9466,0.8571,0.0,0.0,0.2,0.2562,0.921,0.9454,0.0,0.841,0.9267,0.8987,0.0,0.0,0.5983
N221,0.875,0.0,0.8571,0.9466,0.8571,0.0,0.9474,0.3,0.2562,0.921,0.9403,0.0028,0.841,0.9524,0.8957,0.0,0.0,0.5208
T222,0.9479,1.0,0.816,0.9283,0.816,0.0,0.8947,0.3,0.2916,0.921,0.801,0.0553,0.7952,0.8149,0.7739,0.0308,0.0491,0.5906
F223,0.875,1.0,0.6321,0.8257,0.6321,0.0,0.0,0.2,0.3868,0.8356,0.4951,0.2656,0.817,0.6249,0.8317,0.2661,0.2146,0.5892
D224,0.8264,1.0,0.3849,0.6149,0.3848,0.0,0.0,0.0,0.2551,0.4922,0.3235,0.3568,0.4285,0.2214,0.4363,0.3501,0.3718,0.6555
G225,0.6562,0.9999,0.2037,0.3816,0.2035,0.0,0.0,0.5,0.1952,0.8071,0.2521,0.4315,0.4532,0.0933,0.2348,0.479,0.4615,0.5965
V226,0.875,1.0,0.484,0.7117,0.4839,0.0,0.0,0.6,0.5612,0.9548,0.4861,0.7095,0.7654,0.2672,0.7693,0.7815,0.7658,0.6685
A227,0.5833,0.9998,0.1018,0.2096,0.1018,0.0,0.0,0.2,0.0904,0.5782,0.1708,0.3582,0.34,0.0125,0.2708,0.4398,0.4288,0.6482
D228,0.5833,0.9998,0.1018,0.2096,0.1018,0.6316,0.6316,0.4,0.2678,0.7249,0.3507,0.4786,0.2694,0.0855,0.5624,0.5266,0.5298,0.7534
Y229,0.9479,1.0,0.649,0.8367,0.6491,0.0,0.0,0.9,0.7542,0.9937,0.6184,0.8465,1.0,0.3649,0.8782,0.9412,0.9484,0.7474
L230,0.7292,1.0,0.7143,0.8761,0.7143,0.0,0.0,0.1,0.2611,0.8337,0.8127,0.0401,0.6819,0.7705,0.7799,0.028,0.0368,0.7867
Q231,0.7292,1.0,0.7143,0.8761,0.7143,0.0,0.6842,0.0,0.2429,0.8093,0.8132,0.0304,0.6819,0.7851,0.7413,0.0196,0.0207,0.7427
T232,0.875,1.0,0.5277,0.7488,0.5277,0.0,0.0,0.1,0.3019,0.6925,0.392,0.2573,0.658,0.382,0.6492,0.2017,0.2291,0.7864
Y233,0.2917,0.9998,0.2857,0.4976,0.2857,0.0,0.0,0.0,0.1708,0.2846,0.3261,0.1909,0.3181,0.3242,0.5976,0.1709,0.157,0.7692
H234,0.875,1.0,0.5277,0.7488,0.5277,0.0,0.6316,0.0,0.3165,0.6855,0.3694,0.2752,0.4742,0.4433,0.6792,0.2577,0.2991,0.76
K235,0.875,1.0,0.5277,0.7488,0.5277,0.0,0.8947,0.2,0.381,0.7091,0.4414,0.3333,0.658,0.4267,0.7333,0.2829,0.3462,0.78
L236,0.7292,0.9999,0.3875,0.6178,0.3875,0.0,0.0,0.0,0.189,0.5571,0.3448,0.2006,0.4742,0.3074,0.5908,0.2045,0.2324,0.8607
P237,0.7292,0.9999,0.3875,0.6178,0.3875,0.0,0.6316,0.0,0.2603,0.5564,0.3732,0.2407,0.3181,0.3449,0.6144,0.2381,0.236,0.9069
D238,0.1458,0.9997,0.1429,0.2831,0.1429,0.0,0.6316,0.0,0.2347,0.2168,0.3189,0.3306,0.2724,0.1842,0.646,0.3557,0.31,0.9558
N239,0.7292,1.0,0.3464,0.5721,0.3464,0.0,0.8421,0.1,0.3657,0.5825,0.4277,0.3983,0.6123,0.2496,0.6833,0.3725,0.3573,0.9376
Y240,0.1458,0.9997,0.1429,0.2831,0.1429,0.0,0.0,0.0,0.1496,0.0926,0.2179,0.2822,0.2724,0.1654,0.583,0.2829,0.228,0.9749
I241,0.6562,0.9999,0.2446,0.4419,0.2446,0.0,0.0,0.0,0.1671,0.3019,0.2015,0.2849,0.4989,0.2176,0.5997,0.3165,0.2751,0.972
T242,0.6562,0.9999,0.2446,0.4419,0.2446,0.0,0.0,0.0,0.19,0.3278,0.2902,0.3043,0.3151,0.2109,0.6071,0.3137,0.3024,0.9591
K243,0.6562,0.9999,0.2446,0.4419,0.2446,0.0,0.0,0.0,0.1762,0.3428,0.2377,0.3015,0.4285,0.1812,0.5886,0.3109,0.2668,0.9429
S244,0.6562,0.9999,0.2446,0.4419,0.2446,0.0,0.0,0.0,0.1836,0.2759,0.1336,0.3098,0.4285,0.2988,0.6349,0.3361,0.3502,0.9467
E245,0.1458,0.9997,0.1429,0.2831,0.1429,0.0,0.0,0.0,0.1522,0.1098,0.2578,0.2835,0.2724,0.1487,0.6106,0.3249,0.2962,0.9881
A246,0.8264,1.0,0.3849,0.6149,0.3848,0.0,0.0,0.0,0.2904,0.5393,0.2952,0.343,0.3151,0.2327,0.6283,0.3221,0.3668,1.0
Q247,0.6562,0.9999,0.2446,0.4419,0.2446,0.0,0.5263,0.1,0.2586,0.3477,0.2838,0.3486,0.3151,0.2228,0.6705,0.3277,0.3251,0.9387
A248,0.6562,0.9999,0.2446,0.4419,0.2446,0.0,0.5789,0.0,0.2827,0.3543,0.3808,0.3541,0.2724,0.1874,0.6628,0.3557,0.3335,0.7799
L249,0.9115,1.0,0.55,0.7666,0.5499,0.0,0.0,0.1,0.4569,0.6893,0.4976,0.426,0.9244,0.2479,0.7479,0.4342,0.4574,0.666
G250,0.9479,1.0,0.816,0.9283,0.816,0.0,0.9474,0.3,0.2916,0.921,0.8383,0.0609,0.7952,0.8077,0.8687,0.0364,0.0373,0.2095
W251,0.875,0.0,0.8571,0.9466,0.8571,0.0,0.5263,0.4,0.2562,0.921,0.9358,0.0138,0.841,0.9503,0.9398,0.0,0.0,0.2831
V252,0.7292,1.0,0.7143,0.8761,0.7143,0.0,0.0,0.1,0.2321,0.7972,0.815,0.0235,0.6819,0.7623,0.8043,0.0168,0.0101,0.378
A253,0.875,1.0,0.6732,0.8519,0.6732,0.0,0.6842,0.0,0.2807,0.8096,0.6364,0.0996,0.6362,0.6463,0.7341,0.0784,0.0565,0.4117
S254,0.8264,1.0,0.3849,0.6149,0.3848,0.0,0.5789,0.0,0.3654,0.5227,0.4286,0.4108,0.4989,0.2567,0.5253,0.395,0.4153,0.4586
K255,0.1458,0.9997,0.1429,0.2831,0.1429,0.0,0.0,0.0,0.1083,0.0753,0.2046,0.2573,0.159,0.1298,0.2644,0.2633,0.2243,0.442
G256,0.9625,1.0,0.7337,0.8868,0.7336,0.0,0.9474,0.3,0.6104,0.83,0.598,0.5671,0.7035,0.3802,0.7268,0.4902,0.5732,0.5058
N257,0.2917,0.9998,0.2857,0.4976,0.2857,0.0,0.0,0.0,0.1981,0.3574,0.3019,0.2075,0.2048,0.3864,0.6913,0.1905,0.1837,0.5349
L258,0.7292,0.9999,0.3875,0.6178,0.3875,0.0,0.0,0.0,0.1625,0.4866,0.2714,0.1978,0.4314,0.3232,0.6755,0.2129,0.1509,0.5751
A259,0.7292,0.9999,0.3875,0.6178,0.3875,0.0,0.0,0.0,0.2177,0.5027,0.3403,0.213,0.4742,0.3081,0.6329,0.1877,0.1769,0.5467
D260,0.7292,1.0,0.3464,0.5721,0.3464,0.0,0.0,0.0,0.1972,0.4238,0.1961,0.3071,0.2724,0.2045,0.3269,0.2857,0.2825,0.5847
V261,0.8264,1.0,0.3849,0.6149,0.3848,0.0,0.0,0.1,0.4532,0.6237,0.4873,0.4274,0.7035,0.259,0.5196,0.4258,0.4614,0.5508
A262,0.7292,1.0,0.3464,0.5721,0.3464,0.0,0.0,0.0,0.1676,0.5009,0.2356,0.2918,0.6123,0.2491,0.3022,0.2689,0.3021,0.5395
P263,0.6562,0.9999,0.2446,0.4419,0.2446,0.0,0.0,0.0,0.1551,0.3196,0.2479,0.2835,0.3151,0.1712,0.3351,0.3193,0.3086,0.5102
G264,0.8264,1.0,0.3849,0.6149,0.3848,0.0,0.0,0.0,0.3038,0.5126,0.3186,0.3541,0.3151,0.2624,0.4332,0.3389,0.3996,0.4332
K265,0.8021,1.0,0.5303,0.751,0.5303,0.0,0.0,0.1,0.2691,0.6837,0.488,0.1591,0.6332,0.4867,0.3253,0.1569,0.1463,0.3901
S266,0.7292,0.9999,0.3875,0.6178,0.3875,0.0,0.0,0.0,0.2075,0.4837,0.3281,0.2061,0.4742,0.3241,0.2814,0.2353,0.2499,0.3318
I267,0.6562,0.9999,0.2446,0.4419,0.2446,0.0,0.0,0.1,0.2079,0.3397,0.3298,0.3043,0.7035,0.2316,0.3801,0.3417,0.3421,0.3814
G268,0.6562,0.9999,0.2446,0.4419,0.2446,0.0,0.5789,0.0,0.2325,0.3465,0.3537,0.3306,0.2724,0.1619,0.3785,0.3389,0.3292,0.4792
G269,0.8264,1.0,0.3849,0.6149,0.3848,0.0,0.0,0.0,0.2203,0.4878,0.2547,0.3223,0.4285,0.2494,0.4402,0.2969,0.3357,0.5584
D270,0.7292,1.0,0.3464,0.5721,0.3464,0.0,0.6842,0.1,0.3578,0.5612,0.4203,0.4053,0.4989,0.2692,0.5452,0.4062,0.4312,0.5608
I271,0.6562,0.9999,0.2446,0.4419,0.2446,0.0,0.0,0.1,0.3123,0.4156,0.3837,0.361,0.7035,0.2497,0.2636,0.3894,0.3486,0.6474
F272,0.9722,1.0,0.7893,0.9155,0.7892,0.0,0.0,0.9,0.8771,0.9937,0.8092,0.9184,1.0,0.3649,0.8781,0.9664,0.97,0.7435
S273,0.7292,1.0,0.7143,0.8761,0.7143,0.0,0.9474,0.2,0.2562,0.8173,0.8027,0.0373,0.6819,0.7784,0.787,0.0224,0.0237,0.4428
N274,0.7292,1.0,0.7143,0.8761,0.7143,0.0,0.9474,0.3,0.2646,0.8334,0.8065,0.0456,0.6819,0.7881,0.8287,0.028,0.0337,0.4226
R275,0.9236,1.0,0.6295,0.8239,0.6294,0.0,0.9474,0.3,0.4831,0.8367,0.4876,0.379,0.8625,0.4867,0.7664,0.3389,0.39,0.3905
E276,0.4375,0.9999,0.4286,0.66,0.4285,0.0,0.6842,0.1,0.3036,0.6046,0.4958,0.1853,0.4771,0.4929,0.7285,0.1513,0.1469,0.3444
G277,0.7292,0.9999,0.3875,0.6178,0.3875,0.0,0.0,0.1,0.1961,0.5741,0.3801,0.2088,0.5874,0.3656,0.6141,0.2325,0.2273,0.4785
K278,0.7292,0.9999,0.3875,0.6178,0.3875,0.0,0.0,0.0,0.266,0.5089,0.361,0.2462,0.4314,0.3102,0.586,0.2325,0.2226,0.5736
L279,0.875,1.0,0.5277,0.7488,0.5277,0.0,0.0,0.2,0.4628,0.7379,0.507,0.3292,0.8625,0.4152,0.7501,0.3137,0.3768,0.6307
P280,0.2917,0.9998,0.2857,0.4976,0.2857,0.0,0.0,0.0,0.1357,0.2311,0.263,0.1715,0.2048,0.2964,0.5848,0.1569,0.1224,0.6441
G281,0.9917,1.0,0.8765,0.9547,0.8765,0.0,0.9474,0.3,0.6104,0.921,0.5958,0.4675,0.8625,0.4777,0.8449,0.3641,0.4755,0.6211
K282,0.7292,0.9999,0.3875,0.6178,0.3875,0.0,0.0,0.0,0.1759,0.479,0.3631,0.2006,0.3181,0.3084,0.6172,0.2129,0.195,0.6014
S283,0.4375,0.9999,0.4286,0.66,0.4285,0.0,0.0,0.0,0.2267,0.5362,0.4853,0.1355,0.6332,0.4517,0.571,0.1261,0.1479,0.5158
G284,0.8021,1.0,0.5303,0.751,0.5303,0.0,0.0,0.2,0.2216,0.6855,0.5113,0.1397,0.4771,0.4642,0.6065,0.1429,0.1437,0.4992
R285,0.4375,0.9999,0.4286,0.66,0.4285,0.0,0.0,0.0,0.1914,0.526,0.4521,0.1203,0.3639,0.4414,0.6125,0.1036,0.0987,0.4277
T286,0.8021,1.0,0.5303,0.751,0.5303,0.0,0.0,0.1,0.3044,0.7049,0.501,0.177,0.5904,0.4911,0.6285,0.1541,0.2052,0.3774
W287,0.9236,1.0,0.6706,0.8502,0.6705,0.0,0.0,0.1,0.3408,0.8192,0.4534,0.3071,0.6332,0.5433,0.7407,0.2605,0.198,0.3684
R288,0.8021,1.0,0.5303,0.751,0.5303,0.0,0.0,0.0,0.2625,0.6851,0.4794,0.1674,0.4771,0.5278,0.6619,0.1485,0.1776,0.3851
E289,0.8021,1.0,0.5303,0.751,0.5303,0.0,0.8421,0.1,0.3095,0.6993,0.4946,0.1867,0.6332,0.5348,0.6657,0.1625,0.2088,0.3859
A290,0.4375,0.9999,0.4286,0.66,0.4285,0.0,0.0,0.0,0.2457,0.5556,0.4857,0.1494,0.3639,0.4657,0.6053,0.1373,0.1398,0.3779
D291,0.9236,1.0,0.6706,0.8502,0.6705,0.0,0.7895,0.1,0.3191,0.8107,0.5079,0.2116,0.6332,0.5312,0.7429,0.1681,0.1947,0.4024
I292,0.8021,1.0,0.5303,0.751,0.5303,0.0,0.0,0.0,0.2015,0.6444,0.4744,0.1217,0.4771,0.474,0.6996,0.1232,0.0941,0.4324
N293,0.8021,1.0,0.5303,0.751,0.5303,0.0,0.6842,0.0,0.2686,0.6893,0.5029,0.1674,0.4771,0.5025,0.7361,0.1457,0.1527,0.4353
Y294,0.8021,1.0,0.5303,0.751,0.5303,0.0,0.5263,0.2,0.2825,0.6908,0.4367,0.1936,0.6332,0.5348,0.7523,0.1401,0.1554,0.4574
T295,0.8021,1.0,0.5303,0.751,0.5303,0.0,0.0,0.2,0.2916,0.708,0.5044,0.1674,0.6332,0.4642,0.6718,0.1457,0.1683,0.452
S296,0.4375,0.9999,0.4286,0.66,0.4285,0.0,0.0,0.0,0.2053,0.4948,0.47,0.1259,0.4771,0.4314,0.6441,0.1148,0.0865,0.477
G297,0.7292,0.9999,0.3875,0.6178,0.3875,0.0,0.0,0.0,0.1588,0.4562,0.2976,0.1867,0.3181,0.3668,0.2822,0.1709,0.1424,0.4268
F298,0.7292,1.0,0.3464,0.5721,0.3464,0.0,0.0,0.1,0.3154,0.5622,0.399,0.3624,0.4989,0.2106,0.4223,0.3725,0.4377,0.406
R299,1.0,1.0,1.0,1.0,1.0,0.9474,0.9474,1.0,1.0,1.0,1.0,0.9322,1.0,0.2996,1.0,0.8235,1.0,0.3869
N300,0.7292,1.0,0.3054,0.5226,0.3053,0.6316,0.6316,0.5,0.3625,0.8794,0.4762,0.5214,0.3827,0.0823,0.5972,0.5238,0.5879,0.4092
S301,0.8021,1.0,0.5303,0.751,0.5303,0.0,0.7895,0.1,0.3253,0.7326,0.5039,0.1881,0.6332,0.5332,0.6801,0.1569,0.1782,0.5743
D302,0.8021,1.0,0.5303,0.751,0.5303,0.0,0.8421,0.2,0.2864,0.7158,0.4632,0.1936,0.5904,0.5184,0.7587,0.1709,0.1619,0.5469
R303,0.8021,1.0,0.5303,0.751,0.5303,0.0,0.7895,0.1,0.2865,0.6806,0.4909,0.1715,0.4771,0.4844,0.7025,0.1401,0.1385,0.5566
I304,0.875,1.0,0.6321,0.8257,0.6321,0.0,0.0,0.2,0.3743,0.8401,0.5542,0.2047,0.817,0.5304,0.7797,0.1877,0.2055,0.5995
L305,0.8021,1.0,0.5303,0.751,0.5303,0.0,0.0,0.1,0.2798,0.6902,0.5177,0.1604,0.817,0.4849,0.703,0.1513,0.1659,0.5825
Y306,0.8021,1.0,0.5303,0.751,0.5303,0.0,0.5263,0.1,0.2425,0.6643,0.4324,0.1591,0.4771,0.5115,0.7266,0.1317,0.1086,0.5537
S307,0.9236,1.0,0.6706,0.8502,0.6705,0.0,0.6842,0.1,0.3625,0.8063,0.4996,0.2116,0.6332,0.5314,0.7101,0.1765,0.1796,0.4811
S308,0.8021,1.0,0.5303,0.751,0.5303,0.0,0.6842,0.1,0.3019,0.6858,0.4856,0.1757,0.6332,0.4953,0.6824,0.1485,0.157,0.3869
D309,0.5833,0.9999,0.5714,0.7829,0.5714,0.0,0.6842,0.0,0.2426,0.6833,0.6584,0.083,0.6362,0.6463,0.7773,0.0784,0.0766,0.3295
W310,0.9479,1.0,0.816,0.9283,0.816,0.0,0.5263,0.4,0.2916,0.921,0.7859,0.1051,0.7952,0.83,0.8997,0.07,0.0398,0.3026
L311,0.7292,1.0,0.7143,0.8761,0.7143,0.0,0.0,0.2,0.2681,0.8401,0.8182,0.0387,0.7952,0.7827,0.8267,0.028,0.0255,0.3026
I312,0.7292,1.0,0.7143,0.8761,0.7143,0.0,0.0,0.2,0.2798,0.8308,0.8156,0.0443,0.7952,0.7827,0.8204,0.0336,0.0326,0.3706
Y313,0.9479,1.0,0.816,0.9283,0.816,0.0,0.5263,0.3,0.2916,0.921,0.7887,0.0719,0.7952,0.83,0.8776,0.0504,0.0398,0.4035
K314,0.7292,1.0,0.7143,0.8761,0.7143,0.0,0.5789,0.1,0.2508,0.803,0.8035,0.0318,0.6819,0.7737,0.7706,0.0196,0.0143,0.4344
T315,0.7292,1.0,0.7143,0.8761,0.7143,0.0,0.8947,0.2,0.2672,0.8302,0.7972,0.0401,0.7952,0.8149,0.7582,0.0252,0.0219,0.4588
T316,0.7292,1.0,0.7143,0.8761,0.7143,0.0,0.7895,0.1,0.2515,0.8272,0.7943,0.0346,0.7952,0.7887,0.7648,0.0196,0.0143,0.4558
D317,0.7292,1.0,0.7143,0.8761,0.7143,0.0,0.9474,0.3,0.2646,0.8334,0.8065,0.0456,0.6819,0.7881,0.8287,0.028,0.0255,0.451
H318,0.7292,1.0,0.7143,0.8761,0.7143,0.0,0.8421,0.2,0.2491,0.8193,0.8004,0.0387,0.6819,0.7767,0.8406,0.0252,0.0179,0.4558
Y319,0.7292,1.0,0.7143,0.8761,0.7143,0.0,0.0,0.1,0.2471,0.8219,0.8019,0.0332,0.6819,0.7705,0.8279,0.0168,0.0072,0.4289
Q320,0.7292,1.0,0.7143,0.8761,0.7143,0.0,0.6842,0.1,0.2657,0.828,0.7935,0.0429,0.6819,0.7869,0.7891,0.0252,0.0255,0.3993
T321,0.9479,1.0,0.816,0.9283,0.816,0.0,0.8947,0.3,0.2916,0.921,0.801,0.0553,0.7952,0.8149,0.7739,0.0308,0.0398,0.3329
F322,1.0,1.0,1.0,1.0,1.0,0.0,0.0,1.0,1.0,1.0,1.0,1.0,1.0,0.3649,1.0,1.0,1.0,0.1055
T323,0.5833,0.9998,0.1018,0.2096,0.1018,0.0,0.0,0.2,0.1857,0.5816,0.3358,0.4191,0.2694,0.0612,0.3472,0.437,0.3886,0.0506
K324,0.9479,1.0,0.649,0.8367,0.6491,0.8947,0.8947,0.7,0.6357,0.985,0.6682,0.6653,0.6093,0.1807,0.7834,0.5798,0.7542,0.2564
I325,0.5833,0.9998,0.1018,0.2096,0.1018,0.0,0.0,0.1,0.06,0.53,0.0899,0.3541,0.1133,0.0126,0.266,0.4062,0.3311,0.4602
R326,0.5833,0.9998,0.1018,0.2096,0.1018,0.0,0.0,0.2,0.174,0.5977,0.3211,0.4066,0.2694,0.0267,0.4496,0.4566,0.4857,0.5104
K327,0.9722,1.0,0.7893,0.9155,0.7892,0.9474,0.9474,0.9,0.8727,0.9947,0.8756,0.7994,1.0,0.2996,0.8591,0.7311,0.94,0.6229
K328,0.5833,0.9999,0.5714,0.7829,0.5714,0.0,0.5789,0.0,0.2626,0.6815,0.633,0.0871,0.5229,0.6101,0.5969,0.0672,0.0594,0.6616
A329,0.7292,1.0,0.7143,0.8761,0.7143,0.0,0.0,0.2,0.2522,0.8237,0.8095,0.0401,0.7952,0.8327,0.7629,0.0168,0.0207,0.7067
V330,0.8021,1.0,0.4892,0.7164,0.4892,0.0,0.0,0.2,0.4215,0.7379,0.5006,0.3098,0.8625,0.4152,0.7434,0.3081,0.3536,0.7436
I331,0.875,0.0,0.8571,0.9466,0.8571,0.0,0.0,0.2,0.2562,0.921,0.9454,0.0,0.841,0.9267,0.8987,0.0,0.0,0.6409
N332,0.875,0.0,0.8571,0.9466,0.8571,0.0,0.9474,0.3,0.2562,0.921,0.9403,0.0028,0.841,0.9524,0.8957,0.0,0.0,0.7012
G333,0.875,0.0,0.8571,0.9466,0.8571,0.0,0.9474,0.3,0.2562,0.921,0.9515,0.0028,0.841,0.9392,0.9212,0.0,0.0,0.8004
E334,0.9479,1.0,0.816,0.9283,0.816,0.0,1.0,0.3,0.2916,0.921,0.8,0.0553,0.7952,0.8136,0.8205,0.0336,0.0526,0.7822
Q335,0.8021,1.0,0.4892,0.7164,0.4892,0.0,0.7895,0.1,0.3281,0.6979,0.402,0.2918,0.4314,0.3746,0.6824,0.2689,0.272,0.8198
I336,0.8021,1.0,0.4483,0.6789,0.4482,0.0,0.0,0.1,0.4376,0.7249,0.4312,0.4315,0.6123,0.2539,0.7614,0.4314,0.4439,0.8591
R337,0.1458,0.9997,0.1429,0.2831,0.1429,0.0,0.0,0.0,0.1548,0.0898,0.1933,0.278,0.2724,0.2066,0.6051,0.2745,0.2506,0.8267
S338,0.7292,1.0,0.3464,0.5721,0.3464,0.0,0.5263,0.1,0.2677,0.4724,0.2544,0.3416,0.4285,0.2473,0.6359,0.3669,0.3202,0.8783
I339,0.1458,0.9997,0.1429,0.2831,0.1429,0.0,0.0,0.0,0.1683,0.1929,0.2642,0.2877,0.4285,0.2162,0.5903,0.3277,0.3183,0.9391
S340,0.2917,0.9998,0.2857,0.4976,0.2857,0.0,0.0,0.0,0.1743,0.2838,0.3357,0.1978,0.3181,0.3046,0.6416,0.1961,0.1542,0.9427
D341,0.9333,1.0,0.5908,0.7971,0.5908,0.0,0.0,0.2,0.5218,0.9095,0.4905,0.6639,0.5444,0.1596,0.5283,0.605,0.6901,0.9394
L342,0.9115,1.0,0.5089,0.7333,0.5089,0.0,0.0,0.5,0.2022,0.8856,0.1658,0.4371,0.4532,0.1005,0.404,0.4202,0.423,0.9321
H343,0.8264,1.0,0.3437,0.569,0.3437,0.0,0.0,0.3,0.2871,0.8368,0.3254,0.455,0.7654,0.0699,0.4751,0.4678,0.5243,0.7723
Q344,0.0,0.9996,0.0,0.0,0.0,0.0,0.0,0.2,0.1127,0.4108,0.23,0.3721,0.1561,0.0075,0.3144,0.4006,0.3539,0.7042
T345,0.875,1.0,0.484,0.7117,0.4839,0.0,0.0,0.7,0.4891,0.9397,0.574,0.5574,0.7654,0.1415,0.6982,0.5882,0.6734,0.4411
L346,0.7292,1.0,0.7143,0.8761,0.7143,0.0,0.0,0.0,0.2388,0.8064,0.8228,0.029,0.6819,0.7823,0.8326,0.014,0.0168,0.404
K347,0.875,0.0,0.8571,0.9466,0.8571,0.0,0.9474,0.4,0.2562,0.921,0.94,0.0014,0.841,0.941,0.8844,0.0,0.0,0.3731
K348,0.7292,1.0,0.7143,0.8761,0.7143,0.0,0.6842,0.1,0.2657,0.828,0.7935,0.0429,0.6819,0.7869,0.7891,0.0252,0.0239,0.3585
E349,0.7292,1.0,0.7143,0.8761,0.7143,0.0,0.8421,0.1,0.2562,0.8148,0.7968,0.0346,0.6819,0.7784,0.7732,0.0224,0.0134,0.3342
L350,0.7292,1.0,0.7143,0.8761,0.7143,0.0,0.0,0.2,0.2621,0.83,0.8158,0.036,0.7952,0.7827,0.8152,0.028,0.0239,0.3438
A351,0.7292,1.0,0.7143,0.8761,0.7143,0.0,0.9474,0.3,0.2562,0.83,0.8226,0.036,0.6819,0.8077,0.8055,0.0252,0.0205,0.315
L352,0.9479,1.0,0.816,0.9283,0.816,0.0,0.0,0.2,0.2916,0.921,0.8183,0.0498,0.7952,0.7827,0.8311,0.0392,0.0373,0.3119
P353,0.9479,1.0,0.816,0.9283,0.816,0.0,0.8421,0.2,0.2916,0.921,0.8232,0.0775,0.7952,0.8536,0.8763,0.0392,0.0373,0.3099
E354,0.7292,1.0,0.7143,0.8761,0.7143,0.0,0.8421,0.2,0.2562,0.8308,0.8007,0.0373,0.6819,0.7881,0.8122,0.0252,0.0205,0.3379
Y355,0.7292,1.0,0.7143,0.8761,0.7143,0.0,0.5263,0.1,0.2435,0.7996,0.7959,0.0318,0.6819,0.786,0.8264,0.0112,0.0034,0.3726
Y356,0.7292,1.0,0.7143,0.8761,0.7143,0.0,0.5263,0.1,0.2425,0.7981,0.7924,0.0304,0.6819,0.7866,0.7925,0.014,0.0134,0.4084
G357,0.875,0.0,0.8571,0.9466,0.8571,0.0,0.9474,0.3,0.2562,0.921,0.9515,0.0028,0.841,0.9392,0.9212,0.0,0.0,0.4428
E358,0.875,0.0,0.8571,0.9466,0.8571,0.0,1.0,0.3,0.2562,0.921,0.94,0.0014,0.841,0.9421,0.8923,0.0,0.0,0.4823
N359,0.875,0.0,0.8571,0.9466,0.8571,0.0,0.9474,0.3,0.2562,0.921,0.9403,0.0028,0.841,0.9524,0.8957,0.0,0.0,0.5206
L360,0.875,0.0,0.8571,0.9466,0.8571,0.0,0.0,0.2,0.2562,0.921,0.9455,0.0,0.841,0.9267,0.8987,0.0,0.0,0.5534
D361,0.875,0.0,0.8571,0.9466,0.8571,0.0,1.0,0.4,0.2562,0.921,0.9435,0.0041,0.841,0.9421,0.9072,0.0,0.0,0.5534
A362,0.875,0.0,0.8571,0.9466,0.8571,0.0,0.9474,0.3,0.2562,0.921,0.9419,0.0,0.841,0.9392,0.8605,0.0,0.0,0.5235
L363,0.875,0.0,0.8571,0.9466,0.8571,0.0,0.0,0.2,0.2562,0.921,0.9455,0.0,0.841,0.9267,0.8987,0.0,0.0,0.4922
W364,0.875,0.0,0.8571,0.9466,0.8571,0.0,0.5263,0.4,0.2562,0.921,0.9358,0.0138,0.841,0.9503,0.9398,0.0,0.0,0.4552
D365,0.7292,1.0,0.7143,0.8761,0.7143,0.0,0.8421,0.1,0.2562,0.8226,0.7995,0.0401,0.6819,0.7881,0.8044,0.028,0.0205,0.4111
A366,0.9479,1.0,0.816,0.9283,0.816,0.0,0.9474,0.3,0.2916,0.921,0.8063,0.0498,0.7952,0.8077,0.7675,0.028,0.0373,0.3699
L367,0.9479,1.0,0.816,0.9283,0.816,0.0,0.0,0.2,0.2916,0.921,0.8183,0.0498,0.7952,0.7827,0.8311,0.0392,0.0373,0.332
T368,0.7292,1.0,0.7143,0.8761,0.7143,0.0,0.7895,0.2,0.2468,0.8196,0.8202,0.0318,0.6819,0.7755,0.8022,0.0224,0.0134,0.318
G369,0.7292,1.0,0.7143,0.8761,0.7143,0.0,0.6842,0.0,0.2429,0.8093,0.8132,0.0304,0.6819,0.7851,0.8084,0.0196,0.0134,0.3255
W370,0.5833,0.9999,0.5714,0.7829,0.5714,0.0,0.5263,0.1,0.2402,0.6866,0.6106,0.0941,0.6362,0.6645,0.8032,0.0616,0.0425,0.3374
V371,0.875,1.0,0.6732,0.8519,0.6732,0.0,0.0,0.2,0.3389,0.8308,0.6687,0.1217,0.7923,0.6522,0.786,0.1036,0.092,0.3356
E372,0.875,1.0,0.6732,0.8519,0.6732,0.0,0.7895,0.1,0.2815,0.8179,0.6332,0.101,0.6362,0.6499,0.7356,0.0784,0.0636,0.3346
Y373,0.5833,0.9999,0.5714,0.7829,0.5714,0.0,0.0,0.2,0.2825,0.728,0.6178,0.1286,0.7923,0.7231,0.8375,0.0868,0.0622,0.3419
P374,0.5833,0.9999,0.5714,0.7829,0.5714,0.0,0.0,0.1,0.236,0.7138,0.639,0.083,0.5229,0.692,0.7622,0.0616,0.0471,0.3453
L375,0.7292,1.0,0.7143,0.8761,0.7143,0.0,0.0,0.0,0.2388,0.8064,0.8228,0.029,0.6819,0.7823,0.8326,0.014,0.0168,0.3223
V376,0.5833,0.9999,0.5714,0.7829,0.5714,0.0,0.0,0.0,0.2139,0.6763,0.632,0.065,0.5229,0.6083,0.7269,0.0588,0.0366,0.3209
L377,0.875,1.0,0.6732,0.8519,0.6732,0.0,0.0,0.0,0.261,0.8064,0.6412,0.0858,0.6362,0.6286,0.735,0.0728,0.0576,0.3189
E378,0.875,1.0,0.6732,0.8519,0.6732,0.0,0.0,0.0,0.247,0.7947,0.6265,0.0816,0.6362,0.6574,0.7518,0.0504,0.0373,0.4109
W379,0.5833,0.9999,0.5714,0.7829,0.5714,0.0,0.0,0.1,0.2509,0.696,0.6347,0.0858,0.6362,0.6265,0.7752,0.0476,0.0341,0.5318
R380,0.5833,0.9999,0.5714,0.7829,0.5714,0.0,0.6842,0.1,0.2843,0.7288,0.6331,0.1065,0.6362,0.6572,0.7554,0.0812,0.0749,0.6651
Q381,0.7292,1.0,0.3464,0.5721,0.3464,0.0,0.0,0.0,0.1919,0.5464,0.1988,0.3195,0.2724,0.2172,0.6188,0.3389,0.309,0.8027
F382,0.8264,1.0,0.3849,0.6149,0.3848,0.0,0.0,0.0,0.2756,0.5164,0.2734,0.3665,0.4285,0.2452,0.6642,0.3782,0.3539,0.8598
E383,0.8264,1.0,0.3849,0.6149,0.3848,0.0,0.7368,0.0,0.3549,0.5643,0.39,0.3997,0.4989,0.2937,0.7214,0.395,0.424,0.8976
Q384,0.875,1.0,0.4866,0.714,0.4866,0.0,0.7368,0.0,0.3401,0.6867,0.3273,0.4219,0.4285,0.2915,0.7106,0.3866,0.3684,0.9009
S385,0.7292,1.0,0.3464,0.5721,0.3464,0.0,0.0,0.0,0.1929,0.4931,0.264,0.3112,0.4285,0.2076,0.6076,0.3193,0.2865,0.8789
K386,0.8021,1.0,0.4892,0.7164,0.4892,0.0,0.0,0.1,0.1959,0.6823,0.2936,0.2047,0.4314,0.3314,0.6025,0.2017,0.1517,0.8758
Q387,0.2917,0.9998,0.2857,0.4976,0.2857,0.0,0.6316,0.0,0.2044,0.4026,0.3517,0.2158,0.3181,0.3581,0.6284,0.2353,0.1928,0.8901
L388,0.8021,1.0,0.4892,0.7164,0.4892,0.0,0.0,0.1,0.3422,0.7179,0.4356,0.2752,0.8625,0.4239,0.7113,0.2325,0.2292,0.8489
T389,0.6562,0.9999,0.2446,0.4419,0.2446,0.0,0.0,0.0,0.138,0.3048,0.286,0.2794,0.2724,0.1819,0.5787,0.3165,0.2892,0.8419
G390,0.6562,0.9999,0.2446,0.4419,0.2446,0.0,0.0,0.1,0.2161,0.3385,0.32,0.3126,0.7035,0.2316,0.6325,0.3389,0.3084,0.8541
A391,0.8264,1.0,0.3437,0.569,0.3437,0.0,0.0,0.5,0.3507,0.8551,0.3742,0.4924,0.7654,0.0717,0.4865,0.507,0.6197,0.8508
E392,0.8264,1.0,0.3437,0.569,0.3437,0.0,0.0,0.4,0.1958,0.8293,0.1678,0.4108,0.6577,0.131,0.4223,0.4622,0.4384,0.8103
S393,0.5833,0.9998,0.1018,0.2096,0.1018,0.6842,0.6842,0.4,0.3154,0.6793,0.4305,0.5035,0.3827,0.0855,0.5707,0.5182,0.5397,0.7088
V394,0.6562,0.9999,0.2037,0.3816,0.2035,0.0,0.0,0.4,0.1961,0.8015,0.2021,0.4274,0.6577,0.1245,0.3715,0.4538,0.4778,0.431
L395,0.5833,0.9998,0.1018,0.2096,0.1018,0.0,0.0,0.3,0.1052,0.5692,0.117,0.3734,0.3827,0.0917,0.304,0.3697,0.3663,0.4695
Q396,0.6562,0.9999,0.2037,0.3816,0.2035,0.0,0.0,0.3,0.111,0.7247,0.2002,0.3859,0.2266,0.0172,0.3653,0.4874,0.4795,0.4437
V397,0.875,1.0,0.4072,0.6383,0.4071,0.0,0.0,0.3,0.3776,0.8107,0.3697,0.5021,0.5444,0.0872,0.6055,0.5406,0.618,0.3902
F398,0.0,0.9996,0.0,0.0,0.0,0.0,0.0,0.3,0.1194,0.3293,0.0,0.3873,0.4532,0.0849,0.3298,0.3613,0.3118,0.4589
R399,0.6562,0.9999,0.2037,0.3816,0.2035,0.0,0.0,0.2,0.1342,0.7031,0.2584,0.3914,0.2694,0.0143,0.3657,0.4482,0.4447,0.41
E400,0.9333,1.0,0.5908,0.7971,0.5908,0.6842,0.6842,0.4,0.5394,0.9251,0.5552,0.6432,0.5444,0.1497,0.7299,0.6246,0.727,0.4362
A401,0.5833,0.9998,0.1018,0.2096,0.1018,0.0,0.0,0.2,0.2138,0.6614,0.3114,0.4412,0.2694,0.0865,0.2972,0.4818,0.4637,0.4894
K402,0.2917,0.9998,0.2857,0.4976,0.2857,0.0,0.0,0.0,0.1821,0.2771,0.3142,0.1964,0.3181,0.3282,0.5692,0.1793,0.1496,0.475
A403,0.7292,0.9999,0.3875,0.6178,0.3875,0.0,0.0,0.0,0.1836,0.4885,0.3304,0.2102,0.4314,0.3124,0.6111,0.2269,0.2019,0.4634
E404,0.875,1.0,0.6732,0.8519,0.6732,0.0,0.5263,0.1,0.2663,0.7996,0.6192,0.0941,0.6362,0.6574,0.762,0.056,0.0599,0.4535
G405,0.875,1.0,0.6732,0.8519,0.6732,0.0,0.7895,0.1,0.2828,0.8161,0.6796,0.1079,0.6362,0.6536,0.7985,0.0812,0.0888,0.3461
A406,0.5833,0.9999,0.5714,0.7829,0.5714,0.0,0.6842,0.0,0.2452,0.6875,0.6401,0.083,0.6362,0.6463,0.7376,0.0756,0.0702,0.3165
D407,0.875,1.0,0.6732,0.8519,0.6732,0.0,1.0,0.3,0.3095,0.8301,0.6501,0.1286,0.7923,0.6985,0.7946,0.0952,0.1162,0.3553
I408,0.9722,1.0,0.8134,0.927,0.8134,0.0,0.0,0.2,0.3625,0.921,0.6726,0.1328,0.7923,0.6522,0.7974,0.1092,0.133,0.3892
T409,0.5833,0.9999,0.5714,0.7829,0.5714,0.0,0.6316,0.1,0.239,0.7088,0.6207,0.0816,0.5229,0.613,0.7385,0.0672,0.0515,0.4256
I410,0.9722,1.0,0.8134,0.927,0.8134,0.0,0.0,0.2,0.3625,0.921,0.6726,0.1328,0.7923,0.6522,0.7974,0.1092,0.133,0.4561
I411,0.7292,1.0,0.7143,0.8761,0.7143,0.0,0.0,0.0,0.2358,0.8092,0.8152,0.0249,0.6819,0.7612,0.8154,0.0168,0.0072,0.4598
L412,0.7292,1.0,0.7143,0.8761,0.7143,0.0,0.0,0.2,0.2621,0.83,0.8158,0.036,0.7952,0.7827,0.8152,0.028,0.0255,0.4589
S413,0.7292,1.0,0.7143,0.8761,0.7143,0.0,0.8421,0.1,0.2562,0.8202,0.7902,0.036,0.7952,0.7887,0.7556,0.0196,0.0143,0.4628
K414,0.9479,1.0,0.816,0.9283,0.816,0.0,0.9474,0.4,0.2916,0.921,0.8,0.0553,0.7952,0.8113,0.8073,0.0364,0.0398,0.4317
A415,0.7292,1.0,0.7143,0.8761,0.7143,0.0,0.9474,0.2,0.2681,0.8352,0.7998,0.0387,0.6819,0.7755,0.7526,0.0252,0.0219,0.4127
V416,0.7292,1.0,0.7143,0.8761,0.7143,0.0,0.0,0.2,0.2798,0.8308,0.8156,0.0443,0.7952,0.7827,0.8204,0.0336,0.0326,0.3789
I417,0.8264,1.0,0.3437,0.569,0.3437,0.0,0.0,0.4,0.3182,0.8555,0.3844,0.4689,0.7654,0.1036,0.3929,0.5126,0.5667,0.6795
N418,0.8264,1.0,0.3437,0.569,0.3437,0.7895,0.7895,0.5,0.3781,0.8813,0.4189,0.5325,0.4255,0.0797,0.5921,0.5546,0.6209,0.6554
G419,0.2917,0.9998,0.2857,0.4976,0.2857,0.0,0.0,0.0,0.1659,0.3337,0.3595,0.1895,0.3181,0.3013,0.2386,0.2045,0.2,0.4229
E420,0.7292,0.9999,0.3875,0.6178,0.3875,0.0,0.5789,0.0,0.2206,0.5072,0.3976,0.2241,0.4314,0.3493,0.3613,0.2297,0.2868,0.3358
Q421,0.8264,1.0,0.3849,0.6149,0.3848,0.0,0.0,0.0,0.3488,0.5226,0.363,0.4066,0.3151,0.2197,0.434,0.3613,0.3954,0.2194
I422,0.9115,1.0,0.55,0.7666,0.5499,0.0,0.0,0.0,0.3979,0.6822,0.4364,0.3983,0.7035,0.2515,0.5436,0.423,0.4915,0.2349
R423,0.6562,0.9999,0.2446,0.4419,0.2446,0.0,0.0,0.0,0.1108,0.2846,0.1962,0.2545,0.3151,0.178,0.2529,0.2969,0.2594,0.2042
S424,0.7292,1.0,0.3464,0.5721,0.3464,0.0,0.0,0.0,0.2262,0.4902,0.3118,0.3209,0.2724,0.1726,0.2682,0.3305,0.3018,0.1996
I425,0.9625,1.0,0.7337,0.8868,0.7336,0.0,0.0,0.2,0.7284,0.8308,0.6419,0.5533,0.9244,0.3052,0.7442,0.5042,0.655,0.1562
S426,0.875,1.0,0.5277,0.7488,0.5277,0.0,0.7895,0.1,0.3574,0.6806,0.4265,0.2946,0.4742,0.3693,0.671,0.2493,0.2863,0.901
D427,0.8264,1.0,0.3849,0.6149,0.3848,0.0,0.8421,0.1,0.4285,0.6089,0.4478,0.4675,0.6123,0.3198,0.7591,0.4398,0.4738,0.8837
L428,0.9115,1.0,0.55,0.7666,0.5499,0.0,0.0,0.1,0.3712,0.6723,0.3972,0.3845,0.7035,0.207,0.6588,0.395,0.3756,0.9162
H429,0.875,1.0,0.4866,0.714,0.4866,0.0,0.5263,0.2,0.4212,0.6908,0.2998,0.509,0.7035,0.3111,0.7481,0.3922,0.4997,0.9334
Q430,0.7292,1.0,0.7143,0.8761,0.7143,0.0,0.0,0.0,0.2518,0.8117,0.7916,0.036,0.6819,0.7726,0.7924,0.0196,0.0101,0.117
T431,0.7292,1.0,0.7143,0.8761,0.7143,0.0,0.8947,0.2,0.2672,0.8302,0.7972,0.0401,0.7952,0.8149,0.7582,0.0252,0.0205,0.1138
L432,0.9479,1.0,0.816,0.9283,0.816,0.0,0.0,0.2,0.2916,0.921,0.8183,0.0498,0.7952,0.7827,0.8311,0.0392,0.0373,0.1236
K433,0.5833,0.9999,0.5714,0.7829,0.5714,0.0,0.0,0.0,0.2376,0.6721,0.6235,0.0775,0.5229,0.5969,0.7343,0.0616,0.0371,0.3795
K434,0.9236,1.0,0.6706,0.8502,0.6705,0.0,0.9474,0.3,0.4051,0.8367,0.5183,0.2393,0.817,0.5876,0.408,0.2017,0.2341,0.372
E435,0.8021,1.0,0.5303,0.751,0.5303,0.0,0.8421,0.1,0.2968,0.7074,0.49,0.177,0.5904,0.4958,0.2864,0.1541,0.1439,0.3363
L436,0.875,1.0,0.6321,0.8257,0.6321,0.0,0.0,0.1,0.3464,0.8337,0.5226,0.2102,0.5904,0.5061,0.4884,0.1989,0.193,0.3579
A437,0.8021,1.0,0.5303,0.751,0.5303,0.0,0.0,0.0,0.2562,0.6819,0.4748,0.1494,0.5904,0.4678,0.1574,0.1373,0.1301,0.3175
L438,0.4375,0.9999,0.4286,0.66,0.4285,0.0,0.0,0.1,0.2713,0.6369,0.4882,0.1632,0.6332,0.496,0.7518,0.1457,0.1284,0.3135
P439,0.9844,1.0,0.8357,0.9372,0.8357,0.0,0.8421,0.2,0.4687,0.921,0.5756,0.3596,0.817,0.6722,0.8516,0.2353,0.2628,0.4236
E440,0.4375,0.9999,0.4286,0.66,0.4285,0.0,0.0,0.0,0.221,0.5123,0.4526,0.1383,0.3639,0.4639,0.6954,0.1232,0.0872,0.4284
Y441,0.4375,0.9999,0.4286,0.66,0.4285,0.0,0.5263,0.1,0.2368,0.5124,0.4406,0.1535,0.5904,0.4919,0.7357,0.1261,0.1276,0.525
Y442,0.9236,1.0,0.6706,0.8502,0.6705,0.0,0.0,0.2,0.4073,0.8356,0.4885,0.2863,0.817,0.6249,0.8379,0.2773,0.2528,0.5677
G443,0.9115,1.0,0.5089,0.7333,0.5089,0.6842,0.6842,0.4,0.3974,0.9169,0.4304,0.5339,0.4532,0.1346,0.5867,0.5322,0.5853,0.4548
E444,0.6562,0.9999,0.2037,0.3816,0.2035,0.0,0.0,0.2,0.0721,0.6871,0.0444,0.3568,0.4255,0.0787,0.2788,0.451,0.3954,0.4516
N445,0.8264,1.0,0.3437,0.569,0.3437,0.7368,0.7368,0.4,0.2741,0.8663,0.2784,0.5035,0.4532,0.1545,0.4481,0.507,0.5016,0.6377
L446,0.875,1.0,0.4072,0.6383,0.4071,0.0,0.0,0.6,0.5083,0.9313,0.5723,0.5643,0.7654,0.149,0.7616,0.6078,0.6599,0.7285
D447,0.8264,1.0,0.3437,0.569,0.3437,0.5263,0.5263,0.5,0.3345,0.8104,0.3309,0.5062,0.5444,0.1725,0.5893,0.5014,0.5486,0.727
A448,0.9115,1.0,0.5089,0.7333,0.5089,0.5789,0.5789,0.4,0.3775,0.9024,0.4066,0.5422,0.4532,0.1825,0.4869,0.5042,0.6394,0.6713
L449,0.875,1.0,0.5277,0.7488,0.5277,0.0,0.0,0.1,0.3613,0.7374,0.4395,0.2822,0.658,0.3743,0.7273,0.2801,0.2735,0.5559
W450,0.7292,0.9999,0.3875,0.6178,0.3875,0.0,0.5263,0.1,0.2428,0.4798,0.3086,0.2324,0.4742,0.3746,0.6535,0.2353,0.1991,0.5601
D451,0.875,1.0,0.5277,0.7488,0.5277,0.0,0.8421,0.1,0.3893,0.6993,0.4389,0.3375,0.658,0.4285,0.7129,0.2829,0.3266,0.5749
A452,0.8264,1.0,0.3849,0.6149,0.3848,0.0,0.0,0.0,0.3006,0.4948,0.3772,0.3527,0.4989,0.1819,0.6361,0.3277,0.3597,0.5722
L453,0.875,1.0,0.4866,0.714,0.4866,0.0,0.0,0.2,0.5868,0.7379,0.5961,0.4869,0.9244,0.3052,0.833,0.4846,0.534,0.6821
T454,0.6562,0.9999,0.2446,0.4419,0.2446,0.0,0.5789,0.0,0.2496,0.3343,0.3659,0.3375,0.3151,0.1998,0.6516,0.3417,0.329,0.751
G455,0.9479,1.0,0.6929,0.8637,0.6928,0.0,0.9474,0.3,0.4687,0.83,0.5302,0.3762,0.658,0.4777,0.7682,0.3193,0.3738,0.8053
W456,0.7292,0.9999,0.3875,0.6178,0.3875,0.0,0.0,0.0,0.1875,0.5408,0.2744,0.2047,0.4314,0.3407,0.6356,0.1877,0.1399,0.7804
V457,0.8021,1.0,0.5303,0.751,0.5303,0.0,0.0,0.1,0.2268,0.6663,0.5079,0.1328,0.6332,0.4849,0.7049,0.1401,0.1302,0.5343
E458,0.4375,0.9999,0.4286,0.66,0.4285,0.0,0.0,0.0,0.2234,0.5213,0.4522,0.1383,0.4771,0.5143,0.6846,0.1064,0.0934,0.5763
Y459,0.8021,1.0,0.5303,0.751,0.5303,0.0,0.4737,0.0,0.2366,0.6513,0.4534,0.1452,0.4771,0.5108,0.7137,0.1064,0.0878,0.5977
P460,0.9844,1.0,0.8357,0.9372,0.8357,0.0,0.8421,0.2,0.4687,0.921,0.5756,0.3596,0.817,0.6722,0.8516,0.2353,0.2701,0.5978
L461,0.8021,1.0,0.5303,0.751,0.5303,0.0,0.0,0.0,0.2278,0.6918,0.4944,0.1521,0.5904,0.5298,0.7291,0.1345,0.1496,0.6093
V462,0.5833,0.9999,0.5714,0.7829,0.5714,0.0,0.0,0.0,0.2147,0.6843,0.6282,0.0664,0.5229,0.6051,0.7555,0.0448,0.0276,0.6104
L463,0.9479,1.0,0.816,0.9283,0.816,0.0,0.0,0.2,0.2916,0.921,0.8183,0.0498,0.7952,0.7827,0.8311,0.0392,0.0398,0.5796
E464,0.7292,1.0,0.7143,0.8761,0.7143,0.0,0.0,0.0,0.2344,0.7955,0.8111,0.0235,0.6819,0.7623,0.8003,0.014,0.0036,0.4997
W465,0.7292,1.0,0.7143,0.8761,0.7143,0.0,0.5263,0.3,0.2646,0.828,0.7878,0.0609,0.7952,0.83,0.88,0.0224,0.0179,0.459
R466,0.7292,1.0,0.7143,0.8761,0.7143,0.0,0.7895,0.1,0.2511,0.8059,0.8011,0.0332,0.6819,0.7773,0.7835,0.0224,0.0143,0.463
Q467,0.9479,1.0,0.816,0.9283,0.816,0.0,0.8421,0.1,0.2916,0.921,0.7868,0.0609,0.7952,0.8341,0.7852,0.0336,0.0398,0.4631
F468,0.7292,1.0,0.7143,0.8761,0.7143,0.0,0.0,0.2,0.2712,0.8356,0.7977,0.0539,0.7952,0.83,0.8703,0.042,0.0362,0.4665
E469,0.9479,1.0,0.816,0.9283,0.816,0.0,1.0,0.3,0.2916,0.921,0.8,0.0553,0.7952,0.8136,0.8205,0.0336,0.0398,0.466
Q470,0.875,1.0,0.6732,0.8519,0.6732,0.0,0.6842,0.0,0.2651,0.8093,0.6351,0.0968,0.6362,0.6668,0.7386,0.0728,0.0733,0.4975
S471,0.875,1.0,0.6732,0.8519,0.6732,0.0,0.7895,0.1,0.2814,0.8059,0.6299,0.0968,0.6362,0.6494,0.7093,0.0728,0.0733,0.5241
K472,0.875,1.0,0.6732,0.8519,0.6732,0.0,0.5789,0.1,0.2807,0.803,0.6372,0.0996,0.6362,0.644,0.7192,0.0756,0.0733,0.5292
Q473,0.9722,1.0,0.7893,0.9155,0.7892,0.6842,0.6842,0.6,0.7078,0.9673,0.6765,0.7497,0.7654,0.2261,0.8297,0.6639,0.8106,0.4553
L474,0.7292,1.0,0.3054,0.5226,0.3053,0.0,0.0,0.6,0.31,0.9151,0.249,0.4952,0.6093,0.147,0.5431,0.4902,0.4708,0.3994
T475,0.5833,0.9998,0.1018,0.2096,0.1018,0.0,0.0,0.3,0.1633,0.5832,0.1879,0.4011,0.4532,0.1044,0.3206,0.395,0.4048,0.4571
G476,0.6562,0.9999,0.2037,0.3816,0.2035,0.0,0.0,0.4,0.1633,0.6984,0.2206,0.4066,0.5444,0.1462,0.4034,0.4146,0.4088,0.4633
A477,0.6562,0.9999,0.2037,0.3816,0.2035,0.0,0.0,0.3,0.2222,0.6808,0.3136,0.4301,0.2694,0.0765,0.3592,0.4202,0.4116,0.4275
E478,0.7778,0.9999,0.242,0.4381,0.2419,0.6316,0.6316,0.3,0.2428,0.8026,0.3316,0.455,0.4532,0.0894,0.3943,0.5154,0.5049,0.3555
S479,0.6562,0.9999,0.2037,0.3816,0.2035,0.0,0.0,0.4,0.2115,0.7496,0.1974,0.4246,0.4532,0.0612,0.3243,0.4286,0.4534,0.3751
V480,0.8264,1.0,0.3437,0.569,0.3437,0.0,0.0,0.3,0.242,0.819,0.206,0.4412,0.4532,0.112,0.4269,0.4986,0.511,0.4734
L481,0.8021,1.0,0.5303,0.751,0.5303,0.0,0.0,0.1,0.3511,0.7519,0.5347,0.1992,0.817,0.5304,0.3832,0.1821,0.2326,0.5221
Q482,0.7292,1.0,0.7143,0.8761,0.7143,0.0,0.0,0.0,0.2409,0.8064,0.8039,0.0277,0.6819,0.7726,0.7862,0.0168,0.0107,0.4636
V483,0.875,1.0,0.6732,0.8519,0.6732,0.0,0.0,0.0,0.261,0.8139,0.6178,0.0941,0.6362,0.6543,0.6216,0.0672,0.0619,0.4303
F484,0.2917,0.9998,0.2857,0.4976,0.2857,0.0,0.0,0.0,0.173,0.3407,0.3286,0.1923,0.4742,0.3052,0.588,0.1933,0.1849,0.4087
R485,0.7292,0.9999,0.3875,0.6178,0.3875,0.0,0.5789,0.0,0.2028,0.4986,0.3882,0.213,0.3181,0.3142,0.6379,0.2213,0.2287,0.5188
E486,0.7292,0.9999,0.3875,0.6178,0.3875,0.0,0.0,0.0,0.201,0.4997,0.3543,0.2075,0.4742,0.3192,0.5877,0.2045,0.2187,0.5423
A487,0.9333,1.0,0.5908,0.7971,0.5908,0.7368,0.7368,0.6,0.5786,0.9851,0.5297,0.7649,0.5444,0.2614,0.7621,0.6695,0.7779,0.5471
K488,0.7778,0.9999,0.242,0.4381,0.2419,0.5789,0.5789,0.3,0.3546,0.7238,0.4664,0.5131,0.4532,0.1026,0.4476,0.5266,0.5697,0.5679
A489,0.8264,1.0,0.3437,0.569,0.3437,0.0,0.0,0.5,0.1501,0.8454,0.2123,0.3983,0.4532,0.0717,0.2761,0.4398,0.4391,0.4931
E490,0.6562,0.9999,0.2037,0.3816,0.2035,0.6842,0.6842,0.4,0.3839,0.7926,0.4823,0.5325,0.4532,0.0841,0.6109,0.5126,0.5316,0.6523
G491,0.9625,1.0,0.7337,0.8868,0.7336,0.0,0.5789,0.0,0.544,0.7948,0.5499,0.5284,0.7035,0.3123,0.8126,0.4342,0.5671,0.4056
A492,0.875,1.0,0.6732,0.8519,0.6732,0.0,0.0,0.1,0.2642,0.8001,0.6171,0.1051,0.6362,0.6627,0.7621,0.0784,0.0539,0.3604
D493,0.9479,1.0,0.816,0.9283,0.816,0.0,1.0,0.4,0.2916,0.921,0.8116,0.0664,0.7952,0.8136,0.8454,0.0336,0.0398,0.2931
I494,0.9479,1.0,0.816,0.9283,0.816,0.0,0.0,0.2,0.2916,0.921,0.8181,0.0498,0.7952,0.7827,0.8311,0.0364,0.0398,0.2835
T495,0.875,1.0,0.6732,0.8519,0.6732,0.0,0.5263,0.2,0.2747,0.8097,0.6226,0.0996,0.6362,0.6587,0.726,0.0588,0.0631,0.2912
I496,0.1458,0.9997,0.1429,0.2831,0.1429,0.0,0.0,0.0,0.1824,0.1673,0.2731,0.2946,0.4989,0.1747,0.1653,0.3137,0.3081,0.3055
I497,0.6562,0.9999,0.2446,0.4419,0.2446,0.0,0.0,0.1,0.2768,0.385,0.3094,0.3472,0.6123,0.2084,0.369,0.3501,0.3518,0.3231
L498,0.6562,0.9999,0.2446,0.4419,0.2446,0.0,0.0,0.0,0.2022,0.3684,0.3042,0.3057,0.6123,0.1671,0.203,0.3249,0.3244,0.3795
S499,0.7292,1.0,0.3464,0.5721,0.3464,0.0,0.0,0.0,0.2208,0.5517,0.3037,0.3154,0.6123,0.2388,0.3465,0.3473,0.3652,0.4561
K500,0.8264,1.0,0.3849,0.6149,0.3848,0.0,0.5789,0.0,0.3713,0.5286,0.4213,0.39,0.4989,0.2621,0.3755,0.3641,0.3916,0.447
K501,0.8264,1.0,0.3849,0.6149,0.3848,0.0,0.5789,0.0,0.3368,0.4955,0.4025,0.3859,0.4989,0.2889,0.337,0.3669,0.3934,0.4481
A502,0.8264,1.0,0.3849,0.6149,0.3848,0.0,0.0,0.1,0.3124,0.5406,0.3967,0.3582,0.7035,0.1995,0.2358,0.3697,0.3961,0.4814
V503,0.875,1.0,0.4866,0.714,0.4866,0.0,0.0,0.1,0.4242,0.7238,0.4308,0.4495,0.5845,0.2688,0.5841,0.465,0.4902,0.475
I504,0.7292,1.0,0.7143,0.8761,0.7143,0.0,0.0,0.1,0.2562,0.8339,0.8127,0.0373,0.6819,0.7705,0.8398,0.0252,0.0221,0.4067
N505,0.875,1.0,0.6321,0.8257,0.6321,0.0,0.7895,0.1,0.3093,0.8151,0.4991,0.1936,0.5904,0.5389,0.3481,0.1569,0.2085,0.4713
G506,0.8021,1.0,0.5303,0.751,0.5303,0.0,0.0,0.1,0.2083,0.6243,0.4779,0.1355,0.4771,0.4718,0.3815,0.0812,0.1095,0.4457
E507,0.4375,0.9999,0.4286,0.66,0.4285,0.0,0.8421,0.1,0.2756,0.5825,0.4787,0.1674,0.6332,0.5061,0.2667,0.1457,0.1603,0.4028
Q508,0.7292,0.9999,0.3875,0.6178,0.3875,0.0,0.6842,0.1,0.3677,0.6046,0.4416,0.3057,0.4742,0.3767,0.4014,0.2661,0.325,0.3968
I509,0.7292,0.9999,0.3875,0.6178,0.3875,0.0,0.0,0.1,0.2559,0.5268,0.4074,0.2268,0.658,0.3631,0.381,0.2465,0.2633,0.4435
R510,0.7292,0.9999,0.3875,0.6178,0.3875,0.0,0.6316,0.1,0.2894,0.5468,0.3937,0.2614,0.658,0.377,0.3706,0.2353,0.2629,0.4611
S511,0.4375,0.9999,0.4286,0.66,0.4285,0.0,0.5263,0.1,0.206,0.4524,0.4283,0.1272,0.4771,0.4671,0.2088,0.1261,0.1106,0.4587
I512,0.875,1.0,0.6321,0.8257,0.6321,0.0,0.0,0.1,0.2044,0.7945,0.5068,0.1272,0.5904,0.4839,0.2093,0.1289,0.1493,0.3612
S513,0.5833,0.9999,0.5714,0.7829,0.5714,0.0,0.0,0.0,0.2416,0.6758,0.6119,0.0802,0.6362,0.609,0.0698,0.056,0.0545,0.3603
D514,0.9722,1.0,0.7893,0.9155,0.7892,0.9474,0.9474,0.9,0.8376,0.9914,0.8153,0.8824,0.7654,0.2437,0.9307,0.6723,0.8916,0.3086
L515,0.9479,1.0,0.816,0.9283,0.816,0.0,0.0,0.2,0.2916,0.921,0.8183,0.0498,0.7952,0.7827,0.8311,0.0392,0.0373,0.2701
H516,0.875,1.0,0.4072,0.6383,0.4071,0.6842,0.6842,0.4,0.4989,0.9132,0.4568,0.6888,0.4532,0.2144,0.6967,0.6555,0.6956,0.2341
Q517,0.8264,1.0,0.3437,0.569,0.3437,0.6842,0.6842,0.4,0.4008,0.8694,0.4529,0.5712,0.4255,0.154,0.662,0.5714,0.625,0.2082
T518,0.6562,0.9999,0.2037,0.3816,0.2035,0.0,0.0,0.3,0.094,0.6794,0.1782,0.3679,0.2266,0.0655,0.2832,0.3922,0.3902,0.3195
L519,0.5833,0.9998,0.1018,0.2096,0.1018,0.0,0.0,0.4,0.2192,0.6352,0.2908,0.426,0.4532,0.0565,0.4782,0.4734,0.4943,0.3282
K520,0.8264,1.0,0.3437,0.569,0.3437,0.0,0.0,0.4,0.2884,0.8159,0.2852,0.473,0.6577,0.2005,0.3842,0.4566,0.5124,0.4025
K521,0.9333,1.0,0.5908,0.7971,0.5908,0.6842,0.6842,0.7,0.7331,0.9659,0.7772,0.7261,0.7654,0.2369,0.8043,0.6695,0.867,0.3547
E522,0.7292,1.0,0.7143,0.8761,0.7143,0.0,0.7368,0.0,0.2481,0.8093,0.8124,0.036,0.6819,0.7978,0.8323,0.0196,0.0132,0.1874
L523,0.9479,1.0,0.816,0.9283,0.816,0.0,0.0,0.2,0.2916,0.921,0.8183,0.0498,0.7952,0.7827,0.8311,0.0392,0.0491,0.1989
A524,0.7292,1.0,0.7143,0.8761,0.7143,0.0,0.0,0.2,0.2562,0.8176,0.8101,0.0332,0.7952,0.7594,0.7767,0.0224,0.027,0.2335
L525,0.7292,1.0,0.7143,0.8761,0.7143,0.0,0.0,0.2,0.2621,0.83,0.8158,0.036,0.7952,0.7827,0.8152,0.028,0.0314,0.2966
P526,0.9479,1.0,0.816,0.9283,0.816,0.0,0.8421,0.2,0.2916,0.921,0.8232,0.0775,0.7952,0.8536,0.8763,0.0392,0.0491,0.3342
E527,0.7292,1.0,0.7143,0.8761,0.7143,0.0,0.8421,0.2,0.2562,0.8293,0.7942,0.0415,0.6819,0.7767,0.8284,0.0252,0.0221,0.3782
Y528,0.875,0.0,0.8571,0.9466,0.8571,0.0,0.5263,0.3,0.2562,0.921,0.9366,0.0055,0.841,0.9503,0.9266,0.0,0.0,0.4265
Y529,0.875,0.0,0.8571,0.9466,0.8571,0.0,0.5263,0.3,0.2562,0.921,0.9366,0.0055,0.841,0.9503,0.9266,0.0,0.0,0.475
G530,0.875,0.0,0.8571,0.9466,0.8571,0.0,0.9474,0.3,0.2562,0.921,0.9515,0.0028,0.841,0.9392,0.9212,0.0,0.0,0.5169
E531,0.875,0.0,0.8571,0.9466,0.8571,0.0,1.0,0.3,0.2562,0.921,0.94,0.0014,0.841,0.9421,0.8923,0.0,0.0,0.5534
N532,0.875,0.0,0.8571,0.9466,0.8571,0.0,0.9474,0.3,0.2562,0.921,0.9403,0.0028,0.841,0.9524,0.8957,0.0,0.0,0.5534
L533,0.875,0.0,0.8571,0.9466,0.8571,0.0,0.0,0.2,0.2562,0.921,0.9455,0.0,0.841,0.9267,0.8987,0.0,0.0,0.5534
D534,0.875,0.0,0.8571,0.9466,0.8571,0.0,1.0,0.4,0.2562,0.921,0.9435,0.0041,0.841,0.9421,0.9072,0.0,0.0,0.5534
A535,0.875,0.0,0.8571,0.9466,0.8571,0.0,0.9474,0.3,0.2562,0.921,0.9419,0.0,0.841,0.9392,0.8605,0.0,0.0,0.5534
L536,0.875,0.0,0.8571,0.9466,0.8571,0.0,0.0,0.2,0.2562,0.921,0.9455,0.0,0.841,0.9267,0.8987,0.0,0.0,0.5164
W537,0.875,0.0,0.8571,0.9466,0.8571,0.0,0.5263,0.4,0.2562,0.921,0.9358,0.0138,0.841,0.9503,0.9398,0.0,0.0,0.5053
D538,0.875,0.0,0.8571,0.9466,0.8571,0.0,1.0,0.4,0.2562,0.921,0.9435,0.0041,0.841,0.9421,0.9072,0.0,0.0,0.4828
A539,0.7292,1.0,0.7143,0.8761,0.7143,0.0,0.7368,0.1,0.2518,0.8412,0.8153,0.0373,0.6819,0.7949,0.8085,0.0252,0.027,0.4794
L540,0.5833,0.9999,0.5714,0.7829,0.5714,0.0,0.0,0.1,0.2504,0.6902,0.6534,0.0802,0.7923,0.6154,0.723,0.0672,0.0779,0.4237
T541,0.875,1.0,0.6732,0.8519,0.6732,0.0,0.8947,0.2,0.2738,0.815,0.6381,0.0982,0.6362,0.6505,0.7279,0.0756,0.0861,0.4237
G542,0.9722,1.0,0.8134,0.927,0.8134,0.0,0.9474,0.3,0.3625,0.921,0.709,0.1577,0.7923,0.6897,0.8425,0.1092,0.1519,0.4237
W543,0.7292,1.0,0.7143,0.8761,0.7143,0.0,0.0,0.1,0.249,0.8192,0.8034,0.0415,0.6819,0.7705,0.8491,0.0168,0.0132,0.4796
V544,0.875,0.0,0.8571,0.9466,0.8571,0.0,0.0,0.3,0.2562,0.921,0.9439,0.0,0.841,0.9267,0.8886,0.0,0.0,0.449
E545,0.875,0.0,0.8571,0.9466,0.8571,0.0,1.0,0.3,0.2562,0.921,0.94,0.0014,0.841,0.9421,0.8923,0.0,0.0,0.3987
Y546,0.875,0.0,0.8571,0.9466,0.8571,0.0,0.5263,0.3,0.2562,0.921,0.9366,0.0055,0.841,0.9503,0.9266,0.0,0.0,0.3484
P547,0.9479,1.0,0.816,0.9283,0.816,0.0,0.8421,0.2,0.2916,0.921,0.8232,0.0775,0.7952,0.8536,0.8763,0.0392,0.0491,0.3471
L548,0.7292,1.0,0.7143,0.8761,0.7143,0.0,0.0,0.1,0.2716,0.8366,0.8065,0.0443,0.7952,0.7827,0.8297,0.0336,0.0358,0.3216
V549,0.5833,0.9999,0.5714,0.7829,0.5714,0.0,0.0,0.0,0.239,0.6869,0.6496,0.0747,0.6362,0.6172,0.7491,0.0672,0.0483,0.1818
L550,0.9115,1.0,0.5089,0.7333,0.5089,0.0,0.0,0.6,0.4189,0.9509,0.3033,0.5505,0.6093,0.147,0.6366,0.5546,0.572,0.0902
E551,0.875,1.0,0.484,0.7117,0.4839,0.6842,0.6842,0.4,0.48,0.9592,0.4287,0.6335,0.4255,0.133,0.6368,0.605,0.6327,0.102
W552,0.7292,1.0,0.7143,0.8761,0.7143,0.0,0.0,0.1,0.249,0.8192,0.8034,0.0415,0.6819,0.7705,0.8491,0.0168,0.0101,0.2363
R553,0.7778,0.9999,0.242,0.4381,0.2419,0.6316,0.6316,0.3,0.3606,0.7758,0.4403,0.5284,0.4532,0.1937,0.4825,0.535,0.5818,0.2631
Q554,0.8264,1.0,0.3437,0.569,0.3437,0.7368,0.7368,0.5,0.3442,0.9077,0.3646,0.5159,0.6577,0.1878,0.6135,0.5154,0.5936,0.3414
F555,0.875,1.0,0.4866,0.714,0.4866,0.0,0.0,0.1,0.411,0.7172,0.3633,0.4343,0.5845,0.2688,0.5632,0.4286,0.4382,0.44
E556,0.8264,1.0,0.3437,0.569,0.3437,0.0,0.0,0.3,0.2631,0.8117,0.3299,0.473,0.4255,0.1073,0.5307,0.507,0.5566,0.4108
Q557,0.7292,1.0,0.3054,0.5226,0.3053,0.8421,0.8421,0.6,0.4087,0.8842,0.4558,0.5546,0.6093,0.1345,0.6093,0.5378,0.5744,0.3428
S558,0.7778,0.9999,0.242,0.4381,0.2419,0.5789,0.5789,0.3,0.4253,0.784,0.55,0.5339,0.5444,0.108,0.5827,0.5154,0.5624,0.294
K559,0.9115,1.0,0.5089,0.7333,0.5089,0.6842,0.6842,0.7,0.6645,0.9659,0.7179,0.6943,0.7654,0.2369,0.8773,0.6555,0.8461,0.3677
Q560,0.6562,0.9999,0.2037,0.3816,0.2035,0.0,0.0,0.4,0.1603,0.7473,0.2358,0.4094,0.3827,0.0418,0.3115,0.4398,0.4305,0.4692
L561,0.8021,1.0,0.5303,0.751,0.5303,0.0,0.0,0.1,0.2816,0.7026,0.515,0.1618,0.6332,0.4885,0.2774,0.1513,0.1485,0.4742
T562,0.4375,0.9999,0.4286,0.66,0.4285,0.0,0.0,0.1,0.1984,0.5234,0.4967,0.1231,0.4771,0.4642,0.2524,0.1176,0.0979,0.4057
E563,0.7292,1.0,0.7143,0.8761,0.7143,0.0,0.7368,0.0,0.2481,0.8093,0.8124,0.036,0.6819,0.7978,0.8323,0.0196,0.0107,0.4201
N564,0.9479,1.0,0.816,0.9283,0.816,0.0,0.9474,0.3,0.2916,0.921,0.801,0.0609,0.7952,0.8341,0.8261,0.028,0.0398,0.3527
G565,0.7292,1.0,0.7143,0.8761,0.7143,0.0,0.7368,0.1,0.2449,0.8292,0.8318,0.0346,0.7952,0.7949,0.4236,0.0196,0.0215,0.8065
A566,0.5833,0.9999,0.5714,0.7829,0.5714,0.0,0.0,0.1,0.2562,0.6985,0.6397,0.0858,0.7923,0.6154,0.2074,0.07,0.0739,0.7924
E567,0.7292,0.9999,0.3875,0.6178,0.3875,0.0,0.0,0.0,0.23,0.5181,0.3495,0.2254,0.3181,0.3046,0.2872,0.2129,0.1786,0.6791
S568,0.7292,0.9999,0.3875,0.6178,0.3875,0.0,0.0,0.1,0.2731,0.5925,0.3461,0.2476,0.4742,0.4496,0.3519,0.2269,0.2324,0.5291
V569,0.7292,0.9999,0.3875,0.6178,0.3875,0.0,0.0,0.0,0.2449,0.5236,0.3513,0.2351,0.4314,0.3124,0.2492,0.2297,0.1913,0.3934
L570,0.9236,1.0,0.6295,0.8239,0.6294,0.0,0.0,0.2,0.4333,0.83,0.4975,0.3154,0.8625,0.4152,0.5077,0.3081,0.3409,0.3902
Q571,0.2917,0.9998,0.2857,0.4976,0.2857,0.0,0.0,0.0,0.1923,0.3649,0.3242,0.2061,0.4314,0.2995,0.2557,0.2101,0.1715,0.4434
V572,0.2917,0.9998,0.2857,0.4976,0.2857,0.0,0.0,0.0,0.1974,0.3211,0.361,0.2033,0.658,0.3205,0.2794,0.2185,0.1989,0.3921
F573,0.7292,1.0,0.3464,0.5721,0.3464,0.0,0.0,0.0,0.1611,0.4915,0.1957,0.2891,0.2724,0.206,0.2333,0.2801,0.2264,0.3824
R574,0.875,1.0,0.4866,0.714,0.4866,0.0,0.7895,0.1,0.3802,0.7082,0.4117,0.426,0.6123,0.3381,0.5125,0.3838,0.4232,0.4813
E575,0.6562,0.9999,0.2446,0.4419,0.2446,0.0,0.0,0.0,0.1964,0.3156,0.2935,0.314,0.3151,0.1991,0.4031,0.3221,0.334,0.489
A576,0.6562,0.9999,0.2446,0.4419,0.2446,0.0,0.0,0.0,0.2068,0.3623,0.2659,0.3181,0.2724,0.1784,0.3506,0.3389,0.3122,0.5505
K577,0.7292,1.0,0.3464,0.5721,0.3464,0.0,0.0,0.0,0.3125,0.5405,0.3589,0.3817,0.4285,0.2429,0.2857,0.3585,0.3647,0.4981
A578,0.1458,0.9997,0.1429,0.2831,0.1429,0.0,0.0,0.0,0.129,0.0911,0.2706,0.2725,0.2724,0.1118,0.2937,0.3137,0.2694,0.4759
E579,0.8264,1.0,0.3849,0.6149,0.3848,0.0,0.0,0.0,0.2569,0.4907,0.2429,0.3375,0.4285,0.2113,0.4296,0.3277,0.2637,0.5648
G580,0.875,1.0,0.4866,0.714,0.4866,0.0,0.0,0.1,0.3064,0.6539,0.3357,0.3693,0.4285,0.3216,0.457,0.3361,0.3718,0.6891
A581,0.8264,1.0,0.3437,0.569,0.3437,0.5789,0.5789,0.4,0.4089,0.8488,0.4813,0.5297,0.2694,0.1182,0.6074,0.5182,0.5992,0.517
D582,0.1458,0.9997,0.1429,0.2831,0.1429,0.0,0.0,0.0,0.1258,0.0905,0.1799,0.2642,0.3151,0.168,0.0914,0.2941,0.269,0.484
I583,0.875,1.0,0.5277,0.7488,0.5277,0.0,0.0,0.0,0.3464,0.671,0.4033,0.2711,0.658,0.3764,0.2153,0.2689,0.2612,0.4446
T584,0.7292,0.9999,0.3875,0.6178,0.3875,0.0,0.0,0.0,0.2169,0.4943,0.3274,0.2172,0.3181,0.3786,0.2538,0.1933,0.1856,0.4676
I585,0.2917,0.9998,0.2857,0.4976,0.2857,0.0,0.0,0.0,0.1673,0.3077,0.3111,0.195,0.3181,0.3353,0.2805,0.2157,0.1679,0.4424
I586,0.875,1.0,0.5277,0.7488,0.5277,0.0,0.0,0.2,0.4392,0.7379,0.5081,0.3181,0.8625,0.4152,0.4964,0.3193,0.3253,0.4012
L587,0.7292,0.9999,0.3875,0.6178,0.3875,0.0,0.0,0.0,0.228,0.5336,0.3742,0.2199,0.5874,0.3606,0.3066,0.2241,0.2207,0.3245
S588,0.2917,0.9998,0.2857,0.4976,0.2857,0.0,0.0,0.0,0.2171,0.2912,0.2785,0.2296,0.5874,0.3467,0.3573,0.2101,0.2136,0.4012
